make,model,year,price,mileage,transmission_is_auto
Hyundai,Creta,2018,4770,34637,1
Prazo,Plato,2021,7942,46250,1
Toyota,Fortuner,2021,9929,38716,1
Mahindra,Scorpio,2021,8896,95835,1
Hyundai,Creta,2016,5418,66534,1
Tata,Yodha,2024,8688,61262,1
Hyundai,i20,2017,8063,32382,0
Maruti,Etriga,2019,8112,27587,0
Toyota,Fortuner,2022,8423,52524,0
Tata,Yodha,2017,6104,46138,0
Tata,Yodha,2024,7162,97765,1
Tata,Yodha,2018,6339,1345,0
Toyota,Fortuner,2020,5893,65392,1
Toyota,Hilux,2016,9392,81298,1
Hyundai,i20,2017,7027,87877,1
Mahindra,Scorpio,2021,4970,93422,1
Hyundai,i20,2024,6000,6187,1
Maruti,Etriga,2021,5795,65553,0
Tata,Yodha,2024,4938,9023,1
Mahindra,Scorpio,2024,8098,11150,1
Tata,Yodha,2016,8976,21834,1
Toyota,Fortuner,2021,6288,70700,1
Toyota,Fortuner,2017,6857,50769,0
Tata,Yodha,2019,6166,60253,1
Prazo,Plato,2018,9238,12551,0
Hyundai,i20,2015,7394,40275,1
Hyundai,i20,2019,5731,55735,0
Toyota,Fortuner,2016,7408,11356,0
Toyota,Hilux,2022,7897,64403,1
Renault,Kags,2018,7076,84754,0
Tata,Yodha,2017,7385,40313,1
Prazo,Plato,2019,8434,60038,1
Tata,Yodha,2021,7205,63474,1
Renault,Kags,2020,6606,98380,0
Kia,Seltos,2023,7197,52769,0
Maruti,Dzire,2024,4220,12946,0
Maruti,Dzire,2023,7566,43625,0
Prazo,Plato,2018,10909,86830,1
Kia,Seltos,2024,7636,51912,0
Maruti,Swift,2023,7482,27999,0
Tata,Yodha,2023,5318,49030,0
Hyundai,i20,2019,5677,70414,1
Tata,Yodha,2023,4277,45890,0
Mahindra,Thar,2022,8441,24643,0
Tata,Yodha,2019,7650,15399,0
Mahindra,Thar,2022,8149,81099,1
Toyota,Hilux,2019,7564,13550,0
Mahindra,Thar,2024,7089,61397,0
Prazo,Plato,2020,7893,45090,0
Tata,Yodha,2020,4862,73293,0
Maruti,Etriga,2015,6718,51298,1
Tata,Yodha,2017,6501,17262,1
Mahindra,Thar,2024,6149,94751,0
Mahindra,Thar,2018,7990,44275,0
Toyota,Fortuner,2023,5773,34247,1
Mahindra,Thar,2023,5277,30162,0
Mahindra,Thar,2018,8255,21893,1
Maruti,Etriga,2015,5206,32486,1
Prazo,Plato,2019,9908,10740,1
Hyundai,i20,2015,7717,65362,0
Hyundai,Creta,2019,6503,71625,0
Renault,Kags,2020,7118,3944,1
Mahindra,Scorpio,2022,6496,25051,0
Hyundai,Creta,2024,5604,43046,1
Renault,Kags,2022,8037,52572,1
Prazo,Plato,2022,8051,49265,1
Prazo,Plato,2020,9090,49183,1
Maruti,Etriga,2017,5357,80199,0
Kia,Seltos,2021,7760,95474,1
Tata,Yodha,2024,7578,67606,1
Kia,Seltos,2024,4143,85263,0
Maruti,Swift,2016,7673,36533,0
Prazo,Plato,2017,7729,73523,1
Hyundai,i20,2017,7253,2852,0
Maruti,Dzire,2022,5182,23718,1
Toyota,Fortuner,2023,8365,60298,0
Maruti,Swift,2022,7508,41639,0
Hyundai,i20,2016,6451,34289,0
Tata,Yodha,2022,8103,32971,1
Prazo,Plato,2017,6233,84546,1
Maruti,Dzire,2019,5759,33240,0
Maruti,Dzire,2023,5144,74083,0
Hyundai,Creta,2021,5356,37804,0
Maruti,Swift,2017,6376,23696,1
Tata,Yodha,2024,8003,65280,1
Maruti,Dzire,2019,5203,97664,1
Tata,Yodha,2019,7853,14421,1
Mahindra,Thar,2016,6452,4190,0
Hyundai,Creta,2024,6662,67912,0
Kia,Seltos,2024,3381,37800,0
Kia,Seltos,2016,6692,39031,1
Maruti,Etriga,2015,5326,4237,0
Maruti,Etriga,2015,5292,12488,1
Toyota,Fortuner,2018,7719,47096,1
Hyundai,Creta,2023,6133,77055,1
Mahindra,Scorpio,2017,6386,17817,0
Prazo,Plato,2016,7763,33461,1
Mahindra,Thar,2022,7224,7900,1
Mahindra,Thar,2020,6130,40896,0
Mahindra,Scorpio,2019,8947,10459,1
Hyundai,Creta,2021,6449,57527,0
Toyota,Fortuner,2019,9533,91585,0
Toyota,Fortuner,2023,6565,55371,0
Maruti,Swift,2023,4859,43621,1
Hyundai,Creta,2023,5636,39679,0
Tata,Yodha,2021,7269,59431,0
Maruti,Dzire,2018,7815,88807,1
Toyota,Fortuner,2016,9188,19254,0
Hyundai,i20,2016,5196,56963,1
Maruti,Swift,2017,6482,4668,1
Mahindra,Scorpio,2021,5422,28826,0
Renault,Kags,2020,7763,39069,0
Hyundai,Creta,2023,6292,39232,0
Renault,Kags,2022,7477,8998,0
Renault,Kags,2021,8764,4450,0
Hyundai,Creta,2019,5855,7788,0
Toyota,Hilux,2018,7021,69677,1
Hyundai,i20,2015,6521,3156,0
Tata,Yodha,2024,7039,32887,0
Mahindra,Thar,2019,8312,2936,1
Maruti,Etriga,2017,4602,58863,0
Toyota,Hilux,2015,5768,45978,0
Prazo,Plato,2018,8442,18967,1
Toyota,Fortuner,2015,6861,53140,1
Toyota,Hilux,2023,6252,22976,0
Renault,Kags,2024,6899,98259,1
Tata,Yodha,2021,6684,50909,1
Toyota,Fortuner,2015,9028,49356,0
Toyota,Fortuner,2024,6644,66706,0
Renault,Kags,2016,8073,5766,0
Tata,Yodha,2019,6426,18456,0
Hyundai,i20,2021,6658,5798,1
Tata,Yodha,2022,7865,56591,0
Maruti,Swift,2022,4933,47678,0
Tata,Yodha,2024,6774,30240,1
Hyundai,Creta,2022,6331,74659,1
Toyota,Fortuner,2019,5873,43461,0
Maruti,Etriga,2018,6398,86844,0
Toyota,Hilux,2019,5023,1088,1
Maruti,Dzire,2015,4809,1091,0
Maruti,Etriga,2022,5292,11175,0
Hyundai,i20,2016,6633,71449,1
Renault,Kags,2022,5688,3673,0
Maruti,Etriga,2017,4930,82317,1
Hyundai,i20,2022,5096,71422,0
Mahindra,Scorpio,2015,7111,71299,0
Renault,Kags,2021,7092,25313,1
Toyota,Fortuner,2016,7550,16196,1
Hyundai,i20,2018,6726,75666,1
Renault,Kags,2016,9256,90425,0
Maruti,Etriga,2024,5419,36957,1
Toyota,Hilux,2019,6267,35852,1
Maruti,Swift,2017,5450,76342,1
Renault,Kags,2016,7281,39776,1
Hyundai,Creta,2016,4745,45321,1
Maruti,Swift,2016,6740,53283,1
Kia,Seltos,2020,6776,69864,0
Hyundai,i20,2015,4419,8646,0
Prazo,Plato,2018,9697,44515,0
Toyota,Hilux,2022,7586,80158,0
Mahindra,Thar,2019,6081,51785,1
Mahindra,Scorpio,2024,7143,37721,1
Tata,Yodha,2024,5878,2473,1
Hyundai,i20,2016,6162,12878,1
Tata,Yodha,2022,6774,66671,1
Hyundai,Creta,2024,7316,18875,1
Mahindra,Thar,2022,9274,98195,1
Toyota,Hilux,2024,5192,1397,0
Renault,Kags,2022,6580,58495,0
Mahindra,Thar,2023,5492,42435,1
Maruti,Etriga,2017,7339,36435,1
Toyota,Hilux,2019,8513,12244,1
Maruti,Swift,2021,7557,19738,1
Maruti,Etriga,2022,6334,60078,0
Maruti,Swift,2021,5035,55384,0
Maruti,Swift,2017,5888,1883,0
Prazo,Plato,2016,9603,69830,0
Maruti,Dzire,2015,7322,18976,1
Kia,Seltos,2016,6837,20743,1
Maruti,Dzire,2015,5009,33478,1
Toyota,Fortuner,2016,8092,36102,0
Mahindra,Scorpio,2022,9433,5844,1
Tata,Yodha,2019,7753,47348,1
Maruti,Etriga,2018,7792,82559,0
Mahindra,Thar,2022,5741,27468,1
Tata,Yodha,2024,8314,68673,0
Prazo,Plato,2018,8312,23059,0
Kia,Seltos,2021,8292,61605,1
Kia,Seltos,2023,6186,97875,0
Maruti,Etriga,2023,6063,99943,0
Hyundai,Creta,2019,6082,84932,0
Toyota,Fortuner,2024,6363,66951,0
Maruti,Swift,2020,5713,66099,0
Renault,Kags,2023,7770,86798,1
Mahindra,Thar,2021,4895,61497,0
Toyota,Hilux,2023,5902,81619,0
Maruti,Etriga,2022,5920,71382,0
Tata,Yodha,2016,7643,11530,1
Maruti,Swift,2016,6043,41568,0
Hyundai,Creta,2024,6263,85488,1
Renault,Kags,2023,5491,14704,1
Mahindra,Thar,2020,7484,46821,1
Maruti,Etriga,2019,6041,61906,0
Toyota,Hilux,2016,5202,65838,0
Toyota,Fortuner,2017,7821,9689,0
Toyota,Hilux,2018,6830,98180,0
Renault,Kags,2018,8589,7138,0
Prazo,Plato,2019,7540,15726,1
Renault,Kags,2016,7928,58458,1
Maruti,Swift,2017,6567,53686,0
Maruti,Etriga,2016,7023,80568,1
Prazo,Plato,2022,9241,94069,0
Hyundai,i20,2022,5953,41339,1
Hyundai,i20,2022,7723,70717,1
Mahindra,Scorpio,2017,5843,9012,1
Toyota,Fortuner,2018,6844,80062,0
Renault,Kags,2021,5594,74404,1
Maruti,Swift,2018,6659,12793,0
Toyota,Fortuner,2016,6674,99613,0
Toyota,Fortuner,2015,8828,31042,1
Maruti,Swift,2016,7269,63575,0
Renault,Kags,2022,5595,18345,1
Tata,Yodha,2015,7648,60174,1
Mahindra,Thar,2021,6997,48973,0
Toyota,Hilux,2021,7425,35158,0
Maruti,Etriga,2022,7548,60894,1
Kia,Seltos,2021,4760,69358,1
Toyota,Hilux,2022,7971,29877,1
Toyota,Hilux,2017,6692,38873,1
Maruti,Etriga,2015,8105,56218,0
Mahindra,Thar,2020,6837,77725,1
Maruti,Etriga,2015,9115,71966,1
Mahindra,Thar,2018,5156,63857,0
Tata,Yodha,2024,4788,91588,0
Maruti,Etriga,2019,3633,36982,1
Maruti,Dzire,2021,7036,48854,1
Hyundai,Creta,2019,4076,42620,0
Prazo,Plato,2016,7851,54780,1
Mahindra,Scorpio,2015,8320,71908,0
Toyota,Hilux,2015,6683,16129,0
Mahindra,Scorpio,2018,7177,18891,1
Mahindra,Thar,2021,7886,12685,1
Maruti,Etriga,2020,5710,92311,1
Mahindra,Thar,2020,5448,23628,1
Prazo,Plato,2021,7548,64276,1
Toyota,Hilux,2018,9295,85877,1
Mahindra,Scorpio,2017,7600,53785,0
Maruti,Swift,2024,3745,93239,0
Toyota,Fortuner,2024,8548,30019,0
Toyota,Hilux,2018,6469,78055,1
Mahindra,Thar,2018,7888,37686,1
Maruti,Dzire,2024,7828,17399,0
Mahindra,Thar,2023,6425,3727,0
Toyota,Hilux,2016,6168,35059,0
Hyundai,i20,2024,4833,5490,0
Toyota,Hilux,2024,6785,73180,0
Mahindra,Thar,2021,7070,3422,0
Hyundai,Creta,2019,7989,48056,0
Prazo,Plato,2018,7618,80532,0
Maruti,Swift,2019,6201,16372,0
Renault,Kags,2023,7343,12331,1
Mahindra,Scorpio,2019,8681,71218,0
Maruti,Swift,2020,5774,18703,1
Maruti,Swift,2015,7949,37634,1
Hyundai,Creta,2023,4187,57331,0
Prazo,Plato,2020,8510,38948,1
Hyundai,Creta,2019,7272,36252,0
Toyota,Fortuner,2018,6566,7575,0
Tata,Yodha,2023,5642,36408,0
Kia,Seltos,2020,6242,1882,1
Mahindra,Scorpio,2024,5649,72752,0
Toyota,Hilux,2019,7365,32768,0
Mahindra,Thar,2023,4606,44290,1
Mahindra,Thar,2018,7274,11540,1
Toyota,Fortuner,2024,8440,88788,1
Mahindra,Scorpio,2017,9296,31221,0
Maruti,Dzire,2016,7803,33846,0
Toyota,Hilux,2023,6780,11264,1
Mahindra,Thar,2017,9869,25929,0
Tata,Yodha,2022,6017,75117,1
Renault,Kags,2019,8323,10679,0
Toyota,Hilux,2023,6774,1958,1
Renault,Kags,2023,7182,8224,0
Toyota,Fortuner,2019,5048,75178,1
Toyota,Hilux,2018,6101,85669,0
Hyundai,Creta,2022,4999,41901,0
Toyota,Hilux,2024,6502,28757,0
Maruti,Swift,2019,5898,53640,0
Tata,Yodha,2016,6428,30581,1
Hyundai,Creta,2024,3744,64055,0
Maruti,Dzire,2021,6815,50221,1
Maruti,Swift,2019,6922,4597,1
Tata,Yodha,2017,7487,12359,1
Maruti,Swift,2015,9300,28712,1
Mahindra,Thar,2020,9762,45326,0
Renault,Kags,2020,8475,48912,0
Hyundai,Creta,2024,6564,59870,0
Hyundai,i20,2017,7538,22772,1
Maruti,Etriga,2018,8014,38886,1
Maruti,Etriga,2021,5762,74892,1
Mahindra,Thar,2016,9036,46032,1
Hyundai,i20,2018,6190,78832,1
Renault,Kags,2024,6118,83491,1
Prazo,Plato,2016,7768,94864,1
Hyundai,Creta,2015,6964,4967,0
Toyota,Hilux,2018,8424,62857,1
Tata,Yodha,2023,5508,47800,0
Prazo,Plato,2023,6991,14633,0
Mahindra,Scorpio,2017,7532,81508,0
Kia,Seltos,2024,6595,20371,0
Prazo,Plato,2020,7514,40068,1
Maruti,Dzire,2015,7774,15472,1
Tata,Yodha,2022,6844,59172,1
Toyota,Hilux,2020,5856,17933,1
Maruti,Swift,2015,5722,13062,0
Hyundai,Creta,2019,6348,17378,1
Mahindra,Thar,2023,8069,34383,0
Hyundai,i20,2019,5570,69996,0
Hyundai,Creta,2022,4645,94718,0
Tata,Yodha,2017,6715,90509,0
Mahindra,Scorpio,2022,6194,76001,1
Mahindra,Scorpio,2020,8501,7810,0
Renault,Kags,2022,6690,39188,1
Mahindra,Thar,2022,7378,53919,1
Tata,Yodha,2018,7784,64711,1
Toyota,Hilux,2022,7634,60367,0
Maruti,Swift,2018,7289,8104,1
Kia,Seltos,2023,6518,32077,0
Renault,Kags,2018,7000,26596,0
Kia,Seltos,2023,4636,76810,1
Hyundai,Creta,2019,6271,46679,0
Maruti,Swift,2022,5453,7524,1
Hyundai,Creta,2021,5871,48463,0
Maruti,Swift,2020,8202,33460,1
Tata,Yodha,2018,6786,69570,0
Kia,Seltos,2023,5641,97204,1
Renault,Kags,2023,7665,60260,0
Mahindra,Scorpio,2022,7412,3198,1
Toyota,Hilux,2018,8453,4362,1
Maruti,Dzire,2015,5349,80683,1
Toyota,Hilux,2020,7511,65882,0
Tata,Yodha,2016,6375,2893,0
Hyundai,i20,2017,7117,63146,0
Toyota,Hilux,2022,8194,60297,0
Mahindra,Thar,2018,7741,98002,1
Maruti,Swift,2021,5541,20353,0
Maruti,Swift,2022,5788,33124,1
Kia,Seltos,2018,7024,6131,1
Maruti,Swift,2019,7487,46537,0
Maruti,Swift,2015,7293,64649,1
Maruti,Dzire,2018,8014,8799,1
Hyundai,i20,2017,8940,19119,1
Mahindra,Thar,2019,7292,9874,0
Mahindra,Thar,2018,6485,27322,0
Toyota,Hilux,2017,9257,3653,1
Renault,Kags,2015,7389,19959,0
Kia,Seltos,2023,5748,41977,0
Maruti,Etriga,2024,5829,35315,1
Maruti,Dzire,2015,8600,73051,0
Hyundai,i20,2016,7032,28473,1
Hyundai,i20,2017,5684,5214,0
Maruti,Swift,2018,6563,45450,1
Hyundai,Creta,2015,5161,20610,1
Kia,Seltos,2019,5456,25020,1
Maruti,Etriga,2023,6668,23977,1
Maruti,Swift,2024,6297,14777,1
Toyota,Fortuner,2022,7689,5213,1
Maruti,Swift,2017,5346,26473,0
Prazo,Plato,2024,9607,44691,1
Mahindra,Scorpio,2022,6809,22063,1
Prazo,Plato,2016,7886,75675,0
Kia,Seltos,2017,6860,56468,1
Toyota,Hilux,2024,7207,79670,0
Maruti,Swift,2020,6485,32222,1
Tata,Yodha,2020,8065,4599,1
Hyundai,Creta,2016,7406,3093,0
Tata,Yodha,2022,7517,48711,1
Hyundai,Creta,2020,4297,10816,0
Toyota,Fortuner,2023,4748,22708,1
Toyota,Hilux,2023,6791,1193,0
Mahindra,Thar,2017,8933,58544,0
Renault,Kags,2022,7903,71070,0
Renault,Kags,2021,9755,10240,1
Toyota,Hilux,2023,6351,59302,1
Renault,Kags,2022,7120,67180,0
Tata,Yodha,2019,7653,1289,0
Mahindra,Thar,2017,7436,16880,1
Maruti,Dzire,2015,7954,84433,0
Toyota,Fortuner,2019,7287,43216,1
Mahindra,Scorpio,2017,7718,68007,1
Mahindra,Scorpio,2020,7162,18059,0
Maruti,Etriga,2019,5672,7185,0
Hyundai,Creta,2017,5607,24066,0
Prazo,Plato,2015,8890,64039,1
Toyota,Hilux,2023,7767,40950,0
Toyota,Hilux,2018,6650,56808,0
Renault,Kags,2021,6510,51744,0
Prazo,Plato,2024,9269,1020,0
Prazo,Plato,2023,8438,41740,1
Maruti,Etriga,2022,6348,16832,0
Maruti,Etriga,2023,5333,63736,0
Kia,Seltos,2024,4849,55930,0
Toyota,Fortuner,2022,7073,9708,0
Kia,Seltos,2020,4273,36743,0
Kia,Seltos,2020,5929,12319,0
Hyundai,Creta,2017,4593,2786,0
Maruti,Swift,2019,6277,67077,1
Maruti,Etriga,2022,7056,47166,1
Mahindra,Thar,2017,8407,72932,1
Tata,Yodha,2024,7919,90341,0
Kia,Seltos,2017,6919,97745,0
Mahindra,Thar,2023,7021,90797,1
Mahindra,Scorpio,2015,6651,17179,0
Maruti,Etriga,2020,5924,63718,0
Hyundai,i20,2020,5184,12731,0
Renault,Kags,2015,9135,52308,1
Tata,Yodha,2016,6107,42525,1
Maruti,Swift,2016,6157,12283,0
Mahindra,Scorpio,2023,9314,65257,0
Toyota,Hilux,2017,6019,97213,1
Maruti,Etriga,2021,7935,84927,0
Maruti,Dzire,2020,4949,16617,1
Mahindra,Scorpio,2022,6644,41515,1
Mahindra,Thar,2023,8174,15089,1
Hyundai,Creta,2024,4815,84413,0
Tata,Yodha,2016,7167,37531,1
Toyota,Fortuner,2016,7885,62705,1
Prazo,Plato,2018,10010,58429,1
Renault,Kags,2015,9642,31205,1
Toyota,Hilux,2018,7625,74363,1
Tata,Yodha,2020,7795,67761,1
Kia,Seltos,2024,5767,5507,0
Prazo,Plato,2020,8875,4176,1
Maruti,Dzire,2019,5494,4434,0
Maruti,Swift,2018,8551,10087,1
Mahindra,Scorpio,2024,6852,12875,1
Toyota,Hilux,2021,6149,34337,0
Toyota,Fortuner,2024,8833,26866,0
Toyota,Fortuner,2016,6982,25156,1
Renault,Kags,2024,7058,54506,0
Maruti,Swift,2016,6713,92004,1
Hyundai,i20,2017,7144,99239,1
Maruti,Etriga,2023,4847,89916,1
Prazo,Plato,2021,8686,76428,1
Kia,Seltos,2017,6907,2623,0
Renault,Kags,2016,6786,66781,1
Toyota,Fortuner,2024,7244,1408,1
Prazo,Plato,2022,9350,20841,0
Renault,Kags,2016,8470,34625,1
Mahindra,Scorpio,2024,7457,16085,1
Hyundai,i20,2024,6054,64679,1
Renault,Kags,2020,6235,68646,0
Maruti,Dzire,2020,6291,68882,0
Tata,Yodha,2024,4414,44821,1
Mahindra,Thar,2022,7558,71788,0
Mahindra,Thar,2016,7693,41819,1
Maruti,Dzire,2019,5757,30217,0
Maruti,Etriga,2023,4411,34081,1
Toyota,Hilux,2016,8614,46580,1
Mahindra,Scorpio,2018,7559,55360,1
Toyota,Hilux,2017,7021,20685,1
Hyundai,i20,2019,6109,6745,0
Maruti,Etriga,2022,5115,77123,1
Hyundai,Creta,2016,5813,8237,1
Maruti,Etriga,2020,4450,61615,0
Maruti,Etriga,2016,8492,42964,1
Tata,Yodha,2018,7629,22165,0
Kia,Seltos,2015,5881,74681,0
Maruti,Dzire,2023,6311,18893,0
Mahindra,Scorpio,2018,7833,51273,1
Maruti,Etriga,2019,6915,21426,0
Renault,Kags,2024,6691,2891,1
Toyota,Hilux,2024,6640,13382,1
Renault,Kags,2023,8007,31401,0
Mahindra,Thar,2016,7494,66044,0
Prazo,Plato,2023,8604,27793,0
Toyota,Hilux,2020,8130,18393,1
Tata,Yodha,2016,7633,67175,1
Mahindra,Thar,2019,8502,15357,0
Maruti,Swift,2023,7212,72292,1
Maruti,Etriga,2017,5304,46024,1
Tata,Yodha,2023,4288,62692,1
Mahindra,Scorpio,2016,8891,86309,1
Prazo,Plato,2016,7047,13219,1
Hyundai,i20,2015,6161,43593,0
Hyundai,Creta,2023,8286,34071,0
Maruti,Swift,2016,6867,15798,1
Kia,Seltos,2018,7945,13328,1
Tata,Yodha,2016,7761,54861,0
Mahindra,Scorpio,2016,8341,52683,1
Maruti,Dzire,2016,8131,58998,1
Maruti,Etriga,2019,6440,68106,1
Toyota,Fortuner,2021,9177,55814,1
Maruti,Etriga,2024,4710,49250,1
Toyota,Hilux,2021,9031,65151,0
Mahindra,Scorpio,2022,5805,29805,0
Prazo,Plato,2024,9486,41775,1
Mahindra,Scorpio,2018,6472,63519,1
Tata,Yodha,2015,9318,93809,0
Renault,Kags,2024,5249,43312,1
Hyundai,i20,2020,4922,55952,1
Tata,Yodha,2022,7129,62763,0
Maruti,Etriga,2021,6672,1487,1
Hyundai,Creta,2015,6183,24374,1
Mahindra,Thar,2022,6162,69941,0
Hyundai,i20,2021,5264,73849,1
Maruti,Etriga,2017,4901,60779,1
Maruti,Swift,2024,4640,9717,0
Kia,Seltos,2023,5902,28169,1
Prazo,Plato,2021,9053,56575,0
Toyota,Hilux,2021,7882,10699,1
Mahindra,Scorpio,2024,7667,45204,0
Hyundai,Creta,2017,7399,53905,1
Mahindra,Thar,2022,9938,54771,0
Tata,Yodha,2022,6742,23946,1
Renault,Kags,2024,8070,58519,0
Maruti,Swift,2017,7383,46426,1
Prazo,Plato,2022,8267,17286,0
Kia,Seltos,2015,6006,58590,1
Maruti,Swift,2019,8192,52771,1
Tata,Yodha,2016,7439,65074,1
Maruti,Swift,2023,5746,62271,0
Tata,Yodha,2021,8288,44758,0
Maruti,Etriga,2023,6423,97976,1
Maruti,Dzire,2020,4910,56474,1
Hyundai,Creta,2024,4614,57183,1
Maruti,Dzire,2021,5998,34829,1
Maruti,Swift,2016,4814,15976,0
Toyota,Hilux,2020,7745,7563,0
Renault,Kags,2017,9459,18752,1
Hyundai,Creta,2023,4448,38104,1
Maruti,Etriga,2018,5641,16162,0
Toyota,Fortuner,2018,6372,5149,0
Hyundai,Creta,2020,5985,15340,0
Mahindra,Thar,2021,7839,20723,1
Maruti,Etriga,2020,7050,77294,0
Toyota,Fortuner,2024,5999,26553,0
Maruti,Dzire,2021,5917,50521,0
Prazo,Plato,2018,8739,22455,1
Tata,Yodha,2021,7036,29955,0
Kia,Seltos,2016,5673,68430,0
Tata,Yodha,2018,7731,24394,0
Kia,Seltos,2019,4176,55298,0
Hyundai,Creta,2018,5774,7813,0
Kia,Seltos,2018,4127,81259,1
Prazo,Plato,2023,7108,47516,0
Hyundai,Creta,2022,4450,47119,0
Mahindra,Scorpio,2016,6464,5661,1
Maruti,Etriga,2015,7726,8845,1
Toyota,Hilux,2018,7871,45819,0
Hyundai,Creta,2017,5777,92316,0
Hyundai,i20,2023,4235,31325,1
Maruti,Etriga,2022,5341,71964,0
Maruti,Dzire,2024,5106,22950,1
Prazo,Plato,2017,8925,13783,0
Renault,Kags,2016,6311,3352,0
Hyundai,i20,2018,4681,96387,0
Hyundai,Creta,2017,5354,19572,1
Mahindra,Thar,2016,8109,12684,1
Hyundai,Creta,2017,6467,28428,1
Mahindra,Scorpio,2017,7735,32352,1
Maruti,Dzire,2020,7415,25328,1
Toyota,Fortuner,2021,7441,49758,1
Maruti,Dzire,2020,5155,85537,1
Mahindra,Thar,2021,8302,46199,0
Tata,Yodha,2020,7000,87764,0
Toyota,Fortuner,2024,6495,38217,0
Maruti,Dzire,2015,8356,64436,1
Mahindra,Scorpio,2015,7470,5198,1
Toyota,Fortuner,2019,8805,59641,1
Toyota,Hilux,2018,6511,32786,0
Mahindra,Scorpio,2024,8280,14710,1
Maruti,Dzire,2021,6745,20068,0
Tata,Yodha,2022,5915,41749,0
Kia,Seltos,2023,5551,46895,1
Mahindra,Scorpio,2021,6649,56002,1
Tata,Yodha,2017,8175,68042,0
Toyota,Hilux,2022,5578,85918,0
Toyota,Hilux,2021,4586,11305,0
Kia,Seltos,2021,6726,63441,0
Maruti,Etriga,2018,7413,67286,0
Tata,Yodha,2015,8211,94152,1
Kia,Seltos,2015,4761,39955,0
Prazo,Plato,2020,9152,38853,1
Maruti,Swift,2018,5863,65126,1
Renault,Kags,2017,6704,52864,1
Maruti,Dzire,2021,3891,73010,1
Mahindra,Thar,2021,9816,9783,0
Tata,Yodha,2015,6257,6349,0
Mahindra,Thar,2019,8026,13372,1
Mahindra,Thar,2017,7547,99083,0
Maruti,Dzire,2019,6558,46940,1
Maruti,Dzire,2021,6571,95941,1
Toyota,Fortuner,2022,7832,32852,1
Mahindra,Thar,2024,6571,40984,0
Mahindra,Thar,2020,7382,48030,1
Maruti,Etriga,2024,3687,15934,0
Maruti,Dzire,2018,7701,44880,1
Hyundai,i20,2019,5321,42217,0
Toyota,Hilux,2019,5985,11349,1
Mahindra,Thar,2017,7152,99216,1
Renault,Kags,2024,5823,34731,1
Tata,Yodha,2017,6853,4626,0
Prazo,Plato,2019,8062,93315,0
Hyundai,i20,2023,5028,12482,1
Tata,Yodha,2018,6643,3469,1
Mahindra,Thar,2018,7230,34605,1
Toyota,Hilux,2022,6129,14452,1
Mahindra,Thar,2022,7366,41452,0
Toyota,Fortuner,2018,8787,44801,1
Hyundai,Creta,2022,5542,19429,1
Toyota,Hilux,2017,7064,17954,0
Maruti,Etriga,2017,5715,60055,0
Kia,Seltos,2020,5268,26174,1
Maruti,Swift,2023,5844,59569,1
Toyota,Fortuner,2022,9228,27219,0
Maruti,Dzire,2020,4732,2377,1
Tata,Yodha,2022,6515,8100,1
Toyota,Fortuner,2022,8088,26519,1
Hyundai,i20,2015,8267,48615,1
Mahindra,Thar,2016,6504,64286,1
Toyota,Hilux,2018,7179,83058,1
Hyundai,i20,2016,6071,4762,1
Kia,Seltos,2023,5317,51116,0
Toyota,Fortuner,2016,7952,20333,0
Maruti,Etriga,2020,7437,95491,1
Maruti,Swift,2015,5910,33566,1
Toyota,Hilux,2022,6750,99498,1
Renault,Kags,2015,7424,32586,0
Prazo,Plato,2020,8715,62094,1
Maruti,Swift,2023,8220,55343,1
Hyundai,Creta,2018,5868,25381,1
Prazo,Plato,2020,8704,3853,1
Maruti,Swift,2018,6900,48659,1
Mahindra,Thar,2020,5743,51495,0
Hyundai,i20,2018,6266,26600,1
Maruti,Etriga,2018,4764,37787,0
Maruti,Dzire,2016,7388,40197,1
Mahindra,Thar,2017,5871,25649,1
Kia,Seltos,2017,6433,52423,1
Renault,Kags,2021,5632,62689,0
Toyota,Fortuner,2024,6934,30075,0
Mahindra,Thar,2017,9245,75241,1
Kia,Seltos,2024,6228,61037,1
Renault,Kags,2019,5946,51052,1
Kia,Seltos,2024,5623,22784,0
Renault,Kags,2017,8198,53049,0
Prazo,Plato,2019,8079,60497,0
Kia,Seltos,2022,6991,15044,0
Prazo,Plato,2018,8962,45167,1
Toyota,Fortuner,2022,8267,34440,1
Maruti,Dzire,2016,7618,16045,1
Maruti,Swift,2024,5675,89965,1
Toyota,Hilux,2023,8107,57024,0
Renault,Kags,2022,6045,99253,1
Mahindra,Thar,2015,5923,63028,1
Kia,Seltos,2016,5255,41865,0
Mahindra,Scorpio,2015,6724,26399,0
Renault,Kags,2017,7202,60011,0
Renault,Kags,2018,9270,28816,0
Hyundai,i20,2015,6555,39159,0
Toyota,Hilux,2017,6841,10366,0
Toyota,Hilux,2018,6826,94415,1
Toyota,Fortuner,2020,7599,63713,0
Toyota,Fortuner,2015,7191,67839,0
Prazo,Plato,2015,8415,95867,1
Toyota,Hilux,2016,5737,26019,1
Kia,Seltos,2023,5419,48607,0
Renault,Kags,2016,8658,74049,0
Maruti,Etriga,2023,3732,3965,1
Prazo,Plato,2023,8675,60555,1
Prazo,Plato,2015,10374,45724,0
Kia,Seltos,2023,7067,42705,0
Tata,Yodha,2022,6674,1089,1
Maruti,Dzire,2015,6804,41466,0
Tata,Yodha,2021,6685,33871,0
Maruti,Swift,2021,7765,7295,0
Maruti,Etriga,2015,5824,49911,0
Mahindra,Scorpio,2020,8266,82972,0
Tata,Yodha,2019,6928,93542,1
Prazo,Plato,2019,8529,43033,1
Hyundai,i20,2015,6996,24402,0
Hyundai,i20,2024,4604,12477,0
Tata,Yodha,2022,6825,87447,0
Hyundai,i20,2017,7623,43844,1
Renault,Kags,2018,8723,20567,0
Maruti,Etriga,2016,9242,42290,0
Hyundai,Creta,2020,7092,99273,0
Maruti,Dzire,2016,6872,16019,1
Toyota,Fortuner,2019,6255,38089,1
Tata,Yodha,2019,8510,62138,1
Mahindra,Scorpio,2018,9011,67127,1
Renault,Kags,2020,8499,28751,0
Prazo,Plato,2018,10213,15831,1
Maruti,Dzire,2017,7126,61788,0
Renault,Kags,2021,7143,43102,1
Toyota,Hilux,2023,6504,69758,0
Hyundai,Creta,2017,4986,34491,1
Hyundai,Creta,2023,3903,51139,0
Renault,Kags,2016,5937,40186,1
Toyota,Fortuner,2020,5200,46564,1
Maruti,Swift,2022,4388,35285,1
Maruti,Swift,2023,6665,51060,1
Hyundai,Creta,2015,5250,27669,0
Renault,Kags,2017,9265,89416,0
Mahindra,Thar,2017,9942,64155,0
Prazo,Plato,2016,7594,30224,0
Tata,Yodha,2022,5759,99690,1
Mahindra,Scorpio,2022,7591,8670,1
Hyundai,Creta,2019,5183,60876,1
Maruti,Dzire,2018,7139,54345,1
Mahindra,Thar,2021,8463,43035,1
Hyundai,Creta,2021,4935,50451,1
Hyundai,i20,2021,5916,48613,0
Prazo,Plato,2016,7671,54417,1
Hyundai,i20,2024,4324,55560,1
Hyundai,Creta,2021,6180,21541,1
Mahindra,Thar,2017,8943,78550,0
Kia,Seltos,2015,5090,28708,0
Maruti,Etriga,2024,6387,77776,0
Kia,Seltos,2016,6375,86241,0
Toyota,Fortuner,2024,6421,49759,0
Mahindra,Scorpio,2022,7494,85260,1
Renault,Kags,2022,8943,72204,0
Hyundai,Creta,2017,7753,51809,0
Maruti,Dzire,2015,5879,74300,1
Hyundai,i20,2024,6410,38323,0
Toyota,Fortuner,2019,7800,41709,0
Maruti,Swift,2015,7392,14594,0
Maruti,Etriga,2023,5929,29125,1
Tata,Yodha,2022,8536,17009,0
Mahindra,Scorpio,2024,7329,61381,1
Hyundai,Creta,2022,5779,29401,0
Maruti,Dzire,2021,7045,62316,0
Tata,Yodha,2017,6973,51878,0
Renault,Kags,2022,7971,71135,1
Prazo,Plato,2016,9833,72952,0
Hyundai,i20,2015,5011,44874,0
Tata,Yodha,2015,6999,70932,1
Hyundai,i20,2017,5415,83247,0
Kia,Seltos,2017,6418,27629,0
Hyundai,i20,2024,5974,94031,1
Tata,Yodha,2018,7194,53323,1
Toyota,Fortuner,2018,7010,27063,0
Prazo,Plato,2024,10014,49656,1
Kia,Seltos,2019,6907,7241,1
Tata,Yodha,2020,8210,62447,0
Kia,Seltos,2021,5154,84938,0
Maruti,Etriga,2015,4928,58516,1
Toyota,Fortuner,2018,6982,43418,0
Tata,Yodha,2023,8621,28457,0
Hyundai,i20,2020,6683,72681,0
Hyundai,i20,2022,5712,29939,1
Prazo,Plato,2017,9829,68486,1
Toyota,Hilux,2020,7250,15893,1
Kia,Seltos,2022,6389,8211,0
Kia,Seltos,2024,5696,16053,0
Hyundai,i20,2020,5955,4693,1
Tata,Yodha,2019,6164,32099,0
Hyundai,Creta,2016,7888,77147,1
Hyundai,Creta,2024,4495,60813,1
Hyundai,Creta,2019,7788,8040,0
Maruti,Etriga,2019,5681,27300,0
Hyundai,i20,2018,7776,46331,1
Maruti,Dzire,2023,5862,45833,1
Toyota,Fortuner,2017,7613,12955,0
Tata,Yodha,2024,7676,26848,1
Mahindra,Scorpio,2020,8257,41703,0
Maruti,Swift,2015,6476,28771,0
Toyota,Hilux,2023,5816,97666,1
Maruti,Etriga,2020,7784,67640,0
Hyundai,i20,2023,4607,17847,0
Renault,Kags,2018,8164,19866,1
Prazo,Plato,2021,8440,91970,0
Mahindra,Scorpio,2024,7070,15499,1
Renault,Kags,2022,7614,35991,0
Kia,Seltos,2022,4673,65409,0
Renault,Kags,2021,6854,21208,0
Hyundai,i20,2023,4972,16707,0
Kia,Seltos,2015,4787,37582,1
Hyundai,i20,2022,7379,83180,0
Mahindra,Scorpio,2015,8948,35982,1
Maruti,Etriga,2015,6285,42102,1
Prazo,Plato,2018,9511,12473,1
Toyota,Fortuner,2016,6834,25174,1
Hyundai,Creta,2017,5165,58412,0
Hyundai,Creta,2019,5964,12852,0
Hyundai,i20,2018,5246,75396,0
Hyundai,Creta,2017,6155,6809,0
Tata,Yodha,2019,6689,98299,0
Toyota,Fortuner,2019,6602,11116,1
Maruti,Dzire,2019,8688,5587,1
Mahindra,Scorpio,2016,9170,5938,0
Renault,Kags,2020,6801,10165,0
Maruti,Dzire,2020,6159,26065,0
Toyota,Hilux,2016,6097,14018,1
Kia,Seltos,2015,5583,13113,1
Renault,Kags,2019,7372,55532,1
Mahindra,Scorpio,2018,8160,92213,1
Maruti,Etriga,2019,6164,44655,1
Tata,Yodha,2018,6129,95183,0
Hyundai,Creta,2023,5649,34959,0
Hyundai,i20,2023,5608,25235,1
Prazo,Plato,2020,8476,9017,1
Hyundai,i20,2019,5423,80312,0
Maruti,Dzire,2016,8366,23095,0
Prazo,Plato,2016,10727,8861,0
Hyundai,Creta,2015,5929,50881,1
Prazo,Plato,2015,9940,62133,0
Mahindra,Thar,2020,7297,40477,0
Prazo,Plato,2024,7928,74384,1
Maruti,Dzire,2018,8225,18944,1
Tata,Yodha,2016,9016,72621,1
Maruti,Dzire,2024,5888,70497,1
Hyundai,Creta,2020,4594,98893,0
Mahindra,Scorpio,2024,7913,59996,1
Hyundai,Creta,2023,3745,67663,0
Toyota,Fortuner,2024,6491,24668,1
Hyundai,Creta,2022,5447,21010,1
Tata,Yodha,2020,8041,46597,0
Renault,Kags,2017,10080,1948,1
Tata,Yodha,2020,5976,64279,1
Mahindra,Thar,2017,9172,34533,1
Toyota,Hilux,2020,8470,66130,1
Mahindra,Scorpio,2017,7405,52506,0
Hyundai,Creta,2017,6482,48797,1
Kia,Seltos,2019,6263,35997,0
Mahindra,Thar,2019,8044,26442,0
Maruti,Etriga,2024,3223,59737,0
Kia,Seltos,2019,4634,70854,1
Renault,Kags,2022,8693,35602,0
Prazo,Plato,2019,10192,21566,0
Renault,Kags,2023,5770,59023,0
Renault,Kags,2016,8035,72441,1
Maruti,Swift,2016,8579,40115,0
Maruti,Etriga,2022,4752,61214,0
Toyota,Hilux,2016,4894,91929,1
Tata,Yodha,2020,6917,69273,1
Toyota,Fortuner,2020,7296,2943,1
Tata,Yodha,2022,7862,64133,0
Maruti,Swift,2020,6459,4718,1
Maruti,Etriga,2016,6050,32360,1
Maruti,Etriga,2015,7157,7427,1
Kia,Seltos,2016,8753,3298,0
Maruti,Etriga,2024,4457,62016,0
Mahindra,Thar,2015,7260,44473,0
Hyundai,i20,2019,4298,31926,0
Toyota,Hilux,2019,6847,74382,1
Tata,Yodha,2018,6193,3733,0
Maruti,Dzire,2022,3727,79147,0
Hyundai,i20,2019,4869,28056,1
Prazo,Plato,2020,9150,69061,0
Maruti,Swift,2015,8931,30719,1
Prazo,Plato,2018,8171,60349,1
Hyundai,Creta,2021,5462,7541,1
Mahindra,Thar,2024,5480,36462,0
Tata,Yodha,2017,8821,33054,0
Hyundai,i20,2019,7168,22685,0
Prazo,Plato,2021,8311,71192,1
Maruti,Dzire,2021,7238,47587,1
Hyundai,Creta,2015,6879,63742,1
Prazo,Plato,2024,8992,12498,1
Toyota,Hilux,2023,5988,43955,1
Hyundai,Creta,2021,3898,46134,0
Mahindra,Thar,2022,7888,27956,0
Mahindra,Thar,2024,6957,44115,0
Maruti,Dzire,2020,6403,96521,1
Hyundai,i20,2015,6222,30084,0
Toyota,Fortuner,2024,8946,15348,0
Hyundai,i20,2022,5591,62686,1
Kia,Seltos,2016,7062,50032,0
Kia,Seltos,2019,8825,11796,1
Mahindra,Scorpio,2016,8287,44193,1
Hyundai,Creta,2020,5581,26665,1
Kia,Seltos,2024,3676,74496,0
Kia,Seltos,2017,5409,11265,0
Prazo,Plato,2017,8883,58271,1
Toyota,Fortuner,2020,8884,48616,0
Maruti,Dzire,2018,7127,22261,1
Tata,Yodha,2020,6231,54422,0
Hyundai,i20,2018,4744,51888,1
Hyundai,Creta,2022,5354,24990,1
Maruti,Dzire,2021,6646,27991,1
Toyota,Fortuner,2022,7262,82530,1
Tata,Yodha,2021,7256,39087,0
Tata,Yodha,2019,6359,3211,1
Hyundai,Creta,2024,4596,97310,1
Renault,Kags,2019,6869,75595,0
Kia,Seltos,2018,6519,11393,0
Toyota,Fortuner,2018,9411,26666,1
Mahindra,Thar,2019,8728,14557,1
Maruti,Dzire,2016,6069,77851,0
Maruti,Dzire,2019,7913,6648,1
Maruti,Swift,2016,7387,39831,0
Maruti,Etriga,2024,4856,22115,0
Mahindra,Thar,2017,7953,33644,1
Maruti,Dzire,2024,5458,82736,0
Renault,Kags,2016,7342,5457,1
Toyota,Fortuner,2015,7920,30830,1
Mahindra,Scorpio,2024,8311,84633,1
Hyundai,Creta,2019,4659,21566,0
Hyundai,i20,2015,5551,74511,0
Kia,Seltos,2017,5828,25596,1
Prazo,Plato,2017,9068,65688,0
Maruti,Dzire,2022,4408,2228,1
Maruti,Etriga,2016,5709,54945,0
Mahindra,Thar,2016,6660,46366,1
Tata,Yodha,2020,7102,36797,1
Mahindra,Thar,2019,8008,16475,0
Renault,Kags,2024,8267,67903,0
Renault,Kags,2024,6848,9633,0
Mahindra,Scorpio,2016,7036,72800,1
Hyundai,i20,2022,4835,90526,1
Tata,Yodha,2022,6585,20231,1
Kia,Seltos,2015,5178,15478,0
Mahindra,Thar,2024,6332,42008,0
Hyundai,i20,2021,5572,84170,1
Toyota,Hilux,2022,8214,46965,0
Mahindra,Thar,2023,6057,65022,0
Toyota,Hilux,2019,6651,34059,0
Toyota,Hilux,2017,8816,38851,0
Maruti,Dzire,2019,7837,93532,1
Toyota,Fortuner,2015,9292,67645,1
Maruti,Etriga,2018,5476,25030,0
Kia,Seltos,2020,5279,60201,1
Toyota,Hilux,2022,5907,8992,0
Mahindra,Thar,2020,6287,50685,1
Maruti,Swift,2021,8288,55537,0
Toyota,Fortuner,2024,6925,99683,1
Tata,Yodha,2022,6204,22290,1
Hyundai,Creta,2021,7052,8498,1
Mahindra,Scorpio,2015,8085,36073,1
Renault,Kags,2015,8747,31422,1
Toyota,Fortuner,2022,7693,15539,1
Prazo,Plato,2019,8715,38008,0
Toyota,Hilux,2016,7350,29120,0
Renault,Kags,2017,7575,19286,1
Maruti,Dzire,2017,7567,39684,1
Maruti,Etriga,2017,4881,92126,1
Kia,Seltos,2015,6116,55632,1
Mahindra,Scorpio,2024,6946,47698,0
Hyundai,i20,2024,4282,99369,1
Hyundai,i20,2016,6878,65209,0
Toyota,Hilux,2024,7148,19866,0
Hyundai,i20,2021,6622,73883,1
Hyundai,Creta,2020,7633,63288,0
Mahindra,Scorpio,2016,6683,54523,0
Prazo,Plato,2016,8384,88058,1
Maruti,Swift,2022,5042,75143,1
Renault,Kags,2019,8434,74337,0
Mahindra,Scorpio,2019,7281,92829,1
Maruti,Dzire,2016,7398,18927,1
Toyota,Hilux,2018,7397,12037,0
Mahindra,Scorpio,2023,5991,89258,0
Hyundai,i20,2023,4715,14043,0
Tata,Yodha,2017,7644,38588,0
Maruti,Dzire,2024,6537,67969,1
Maruti,Dzire,2022,6216,33179,1
Maruti,Swift,2015,6731,68851,0
Tata,Yodha,2024,6476,29375,0
Prazo,Plato,2024,9952,91192,0
Tata,Yodha,2023,5927,46013,0
Maruti,Etriga,2015,5600,18278,0
Renault,Kags,2017,9152,68389,0
Toyota,Hilux,2023,6825,32609,0
Mahindra,Thar,2017,7309,78368,0
Prazo,Plato,2024,7432,2436,0
Hyundai,Creta,2018,7645,37376,1
Hyundai,Creta,2018,7693,35690,0
Prazo,Plato,2020,7073,11251,0
Maruti,Dzire,2017,7847,57557,1
Mahindra,Scorpio,2016,6896,95618,0
Maruti,Etriga,2023,3293,40336,0
Toyota,Fortuner,2018,7304,37564,1
Hyundai,i20,2018,7431,92074,0
Hyundai,i20,2019,6934,40645,0
Maruti,Etriga,2022,5560,3558,0
Hyundai,Creta,2023,5856,65159,0
Maruti,Dzire,2024,6385,71619,0
Hyundai,Creta,2020,7014,53273,0
Toyota,Hilux,2015,9113,41516,0
Kia,Seltos,2017,8688,88424,0
Toyota,Fortuner,2016,9079,58454,0
Maruti,Swift,2015,5839,25672,1
Toyota,Fortuner,2021,6141,79902,0
Mahindra,Thar,2024,4698,40144,0
Prazo,Plato,2016,9579,69812,0
Prazo,Plato,2023,9072,86056,1
Mahindra,Thar,2024,5403,4228,1
Kia,Seltos,2022,5056,14617,1
Tata,Yodha,2015,8219,3398,1
Mahindra,Thar,2022,6812,65435,1
Hyundai,i20,2020,6298,74491,0
Prazo,Plato,2016,9191,59594,1
Mahindra,Thar,2019,8835,17561,1
Tata,Yodha,2015,8843,11825,1
Renault,Kags,2015,6568,97186,0
Maruti,Swift,2024,6535,41214,0
Prazo,Plato,2024,7653,9285,0
Kia,Seltos,2024,6920,72577,0
Hyundai,Creta,2019,6400,60199,1
Maruti,Etriga,2019,5132,18586,1
Toyota,Hilux,2024,6193,98170,0
Hyundai,Creta,2015,7301,46955,0
Hyundai,i20,2020,7748,14082,0
Tata,Yodha,2020,6682,46422,0
Maruti,Swift,2024,7094,19380,0
Hyundai,i20,2020,8047,9581,0
Prazo,Plato,2015,8927,56536,1
Hyundai,Creta,2019,5557,82652,0
Hyundai,i20,2019,6042,43403,1
Kia,Seltos,2020,7565,26094,0
Maruti,Etriga,2017,6782,9004,0
Toyota,Fortuner,2015,6618,76507,1
Toyota,Fortuner,2022,6284,83753,1
Renault,Kags,2020,7757,3787,0
Hyundai,i20,2015,5952,83098,0
Maruti,Swift,2022,7758,48880,1
Toyota,Fortuner,2015,8096,13711,0
Tata,Yodha,2017,6567,47916,0
Hyundai,i20,2020,6598,36537,0
Maruti,Dzire,2021,5233,99049,1
Mahindra,Thar,2017,9729,91578,1
Maruti,Etriga,2020,4459,56665,1
Maruti,Dzire,2016,4987,2599,0
Hyundai,Creta,2016,5560,97306,1
Maruti,Swift,2023,4054,55457,0
Maruti,Etriga,2022,5487,20704,1
Tata,Yodha,2024,6477,5907,1
Maruti,Swift,2022,6323,14016,0
Renault,Kags,2016,6483,14580,0
Prazo,Plato,2018,11382,46513,1
Prazo,Plato,2017,9037,50724,1
Maruti,Swift,2022,7206,94509,0
Kia,Seltos,2023,6157,4057,1
Maruti,Dzire,2015,7077,32153,0
Prazo,Plato,2020,8575,80141,0
Prazo,Plato,2019,9121,65512,0
Maruti,Dzire,2020,7249,53854,1
Maruti,Etriga,2022,5912,77091,1
Prazo,Plato,2021,8246,73800,1
Toyota,Fortuner,2022,5893,74376,0
Mahindra,Thar,2024,7253,60431,0
Mahindra,Scorpio,2022,7536,45415,0
Hyundai,i20,2016,6822,28505,1
Renault,Kags,2015,10315,8059,0
Maruti,Swift,2020,5244,66938,1
Prazo,Plato,2015,8369,62611,0
Toyota,Fortuner,2016,8967,3223,1
Prazo,Plato,2023,8932,73044,1
Hyundai,i20,2015,7102,24852,1
Hyundai,i20,2016,7885,49930,0
Maruti,Etriga,2019,6200,87692,0
Hyundai,Creta,2024,7911,50809,0
Tata,Yodha,2023,8474,40306,0
Kia,Seltos,2015,6924,58518,1
Toyota,Fortuner,2023,7899,6445,1
Maruti,Etriga,2016,5895,10123,1
Toyota,Hilux,2016,8576,19761,0
Prazo,Plato,2024,6501,34196,0
Mahindra,Scorpio,2019,8451,75371,1
Toyota,Fortuner,2024,7786,17037,0
Maruti,Etriga,2015,7050,20442,1
Mahindra,Thar,2015,6977,74226,0
Kia,Seltos,2017,6783,59717,1
Tata,Yodha,2019,7424,44134,1
Mahindra,Scorpio,2016,8415,61685,1
Hyundai,i20,2016,5865,36577,0
Toyota,Hilux,2023,5435,44640,0
Renault,Kags,2023,5270,2521,0
Kia,Seltos,2015,5814,39943,1
Toyota,Fortuner,2019,8099,14132,0
Prazo,Plato,2020,7886,34512,0
Toyota,Fortuner,2022,7137,96659,1
Tata,Yodha,2021,6043,10529,0
Mahindra,Thar,2021,9061,94455,1
Tata,Yodha,2021,5996,28497,0
Maruti,Dzire,2024,5279,92740,1
Kia,Seltos,2022,4867,60704,1
Hyundai,i20,2024,3091,60963,1
Toyota,Fortuner,2016,7716,80971,0
Maruti,Swift,2020,4774,31705,0
Hyundai,i20,2019,5732,6241,0
Renault,Kags,2015,9803,7284,1
Renault,Kags,2017,8256,33161,0
Toyota,Fortuner,2015,6678,43706,1
Toyota,Hilux,2016,6714,52960,1
Mahindra,Scorpio,2015,8034,13152,1
Tata,Yodha,2024,4534,67612,0
Renault,Kags,2016,8490,18609,0
Tata,Yodha,2015,6869,7557,1
Hyundai,Creta,2021,6541,8586,1
Toyota,Fortuner,2020,7938,7552,0
Toyota,Fortuner,2024,6335,71828,1
Toyota,Hilux,2024,8137,52055,0
Hyundai,i20,2024,5014,67353,1
Toyota,Hilux,2022,5844,58780,0
Hyundai,Creta,2023,5795,67695,1
Renault,Kags,2024,6612,27239,0
Mahindra,Thar,2019,6798,13912,1
Maruti,Swift,2022,5646,77716,0
Toyota,Fortuner,2015,6768,94476,0
Maruti,Etriga,2023,6406,31712,0
Toyota,Fortuner,2021,6055,9415,0
Maruti,Swift,2018,4511,8225,1
Toyota,Fortuner,2016,8820,19137,1
Hyundai,Creta,2018,7805,56126,1
Prazo,Plato,2018,10693,6452,1
Kia,Seltos,2017,7447,16237,1
Kia,Seltos,2024,5959,70386,0
Toyota,Fortuner,2022,7849,54836,0
Mahindra,Thar,2015,9044,54140,1
Tata,Yodha,2018,7885,34206,1
Renault,Kags,2017,6778,62442,0
Mahindra,Scorpio,2016,8800,33492,0
Hyundai,Creta,2020,6218,37606,0
Kia,Seltos,2017,6102,80695,1
Maruti,Dzire,2022,8200,26084,1
Maruti,Swift,2019,7936,55552,0
Hyundai,i20,2021,7526,73253,0
Hyundai,i20,2020,6357,64725,1
Renault,Kags,2022,5754,65393,1
Tata,Yodha,2019,8455,49804,0
Maruti,Swift,2018,6241,52973,1
Tata,Yodha,2017,5868,57825,1
Hyundai,i20,2018,6010,39900,1
Renault,Kags,2016,8941,81287,0
Hyundai,i20,2018,5103,9059,0
Renault,Kags,2023,9221,11659,0
Renault,Kags,2019,6241,59142,1
Hyundai,Creta,2017,5782,26160,1
Kia,Seltos,2024,5450,1970,1
Maruti,Etriga,2019,7044,23913,1
Hyundai,Creta,2023,7497,4961,0
Renault,Kags,2018,7320,49339,1
Maruti,Dzire,2024,5265,58082,0
Kia,Seltos,2015,5341,3438,0
Maruti,Swift,2017,7761,59008,0
Prazo,Plato,2015,8419,61867,1
Renault,Kags,2019,9001,81051,1
Mahindra,Scorpio,2022,7796,47403,0
Prazo,Plato,2020,8503,42129,0
Mahindra,Scorpio,2018,9318,4745,0
Kia,Seltos,2022,5558,6264,0
Maruti,Swift,2022,6220,43645,0
Mahindra,Thar,2020,6925,38395,0
Toyota,Hilux,2019,7769,41431,1
Toyota,Fortuner,2020,5307,20146,0
Toyota,Fortuner,2023,6591,91892,0
Toyota,Hilux,2015,8432,33256,1
Maruti,Swift,2021,5898,17585,0
Renault,Kags,2017,7582,70933,0
Hyundai,Creta,2016,5475,47818,0
Mahindra,Scorpio,2022,7553,2844,1
Mahindra,Scorpio,2021,7533,57576,1
Mahindra,Thar,2020,5824,17084,0
Hyundai,i20,2020,6387,53692,0
Renault,Kags,2018,7856,9917,0
Toyota,Hilux,2021,6363,46108,1
Tata,Yodha,2020,5158,23315,1
Mahindra,Thar,2020,8615,63299,0
Maruti,Etriga,2017,5044,32049,1
Renault,Kags,2015,10511,27867,0
Maruti,Dzire,2023,5864,34597,0
Hyundai,i20,2016,7380,51800,1
Kia,Seltos,2024,6595,63287,1
Hyundai,i20,2020,8052,35638,0
Maruti,Swift,2021,7164,71734,0
Hyundai,i20,2018,5989,88664,0
Maruti,Dzire,2017,6066,19199,1
Toyota,Fortuner,2024,6189,80043,0
Hyundai,i20,2024,5439,4690,0
Hyundai,Creta,2023,5691,51647,1
Toyota,Hilux,2015,6436,13774,0
Maruti,Etriga,2021,6887,61822,1
Toyota,Hilux,2023,7066,55074,0
Mahindra,Scorpio,2022,6748,61791,1
Hyundai,Creta,2015,7136,59356,0
Hyundai,Creta,2018,7312,33520,0
Toyota,Fortuner,2023,7196,49547,0
Maruti,Swift,2023,5886,58086,0
Mahindra,Scorpio,2021,7974,55479,1
Maruti,Etriga,2019,6992,63275,1
Toyota,Hilux,2024,5156,21681,1
Toyota,Fortuner,2022,7672,2149,0
Toyota,Fortuner,2019,5063,53324,1
Prazo,Plato,2017,8067,17619,1
Maruti,Swift,2020,6302,41690,0
Mahindra,Scorpio,2017,7417,43456,1
Maruti,Etriga,2024,7367,12671,1
Mahindra,Thar,2021,7339,29513,1
Maruti,Dzire,2016,7894,86056,1
Maruti,Dzire,2017,8089,74960,1
Mahindra,Scorpio,2015,7542,5908,1
Toyota,Fortuner,2022,7343,67668,0
Mahindra,Thar,2022,9838,46121,0
Maruti,Etriga,2024,5047,72205,1
Toyota,Fortuner,2022,7588,53545,0
Kia,Seltos,2016,6323,70450,0
Prazo,Plato,2019,8239,52012,0
Toyota,Fortuner,2019,8444,66351,1
Tata,Yodha,2024,7986,32734,0
Maruti,Etriga,2016,5167,48178,0
Maruti,Swift,2019,4323,34564,1
Tata,Yodha,2021,5975,94293,1
Mahindra,Thar,2015,8622,51756,1
Hyundai,Creta,2015,3792,46533,0
Maruti,Dzire,2020,7032,96541,0
Kia,Seltos,2021,5903,24086,0
Toyota,Hilux,2023,7049,53421,0
Maruti,Swift,2019,5654,54404,1
Prazo,Plato,2015,9232,11748,1
Maruti,Dzire,2017,6989,97828,0
Mahindra,Thar,2022,9755,78256,0
Maruti,Dzire,2019,6287,14737,0
Toyota,Fortuner,2022,5937,43857,1
Tata,Yodha,2016,7640,74124,0
Kia,Seltos,2024,7799,74625,0
Kia,Seltos,2023,6718,7971,0
Kia,Seltos,2016,8978,74904,1
Hyundai,Creta,2019,4556,32532,1
Renault,Kags,2018,6249,7394,1
Tata,Yodha,2023,5813,67241,0
Mahindra,Scorpio,2021,7580,32229,0
Prazo,Plato,2018,8273,58021,1
Toyota,Hilux,2023,8264,62071,1
Tata,Yodha,2022,5429,43876,1
Maruti,Swift,2021,6281,14763,0
Kia,Seltos,2015,6141,97918,1
Toyota,Fortuner,2016,8623,45301,1
Renault,Kags,2016,6846,9302,0
Maruti,Etriga,2018,5431,72416,1
Toyota,Fortuner,2018,8728,18291,1
Toyota,Fortuner,2024,6534,24913,1
Toyota,Fortuner,2020,9318,54151,1
Prazo,Plato,2019,10399,46473,0
Tata,Yodha,2016,6549,33718,1
Kia,Seltos,2020,5937,10778,0
Toyota,Hilux,2017,7608,47077,0
Mahindra,Scorpio,2019,8000,78241,1
Kia,Seltos,2022,4887,23877,0
Renault,Kags,2015,8719,60081,0
Hyundai,i20,2022,6104,57453,1
Maruti,Etriga,2021,5052,41062,0
Tata,Yodha,2019,7878,91309,1
Toyota,Fortuner,2022,9217,23027,1
Tata,Yodha,2023,6252,45917,0
Maruti,Swift,2023,7123,22823,1
Maruti,Dzire,2022,6726,93479,0
Maruti,Etriga,2016,6664,18975,1
Tata,Yodha,2016,9133,77219,1
Hyundai,i20,2019,4708,13010,0
Hyundai,Creta,2016,5456,3544,0
Maruti,Dzire,2024,3822,20790,1
Hyundai,Creta,2019,5727,56251,0
Toyota,Hilux,2015,8214,48602,0
Toyota,Hilux,2021,6361,9733,0
Hyundai,i20,2019,6033,26163,0
Maruti,Etriga,2020,3557,38355,1
Hyundai,Creta,2017,5299,46110,0
Maruti,Etriga,2022,4709,98931,1
Toyota,Hilux,2023,5377,33647,1
Toyota,Hilux,2019,7368,72083,1
Hyundai,Creta,2015,6913,70989,0
Mahindra,Scorpio,2024,5901,96095,1
Toyota,Hilux,2019,8781,97618,0
Maruti,Etriga,2024,6005,72936,1
Hyundai,Creta,2018,6822,15876,0
Toyota,Fortuner,2017,7283,72428,1
Hyundai,Creta,2017,6256,23431,1
Hyundai,Creta,2023,6309,94287,1
Toyota,Hilux,2016,8284,45029,1
Prazo,Plato,2021,9728,21962,0
Mahindra,Thar,2023,6408,89922,0
Toyota,Hilux,2020,7524,97839,1
Maruti,Swift,2023,5115,73572,0
Maruti,Swift,2023,5280,73267,1
Tata,Yodha,2020,6825,60637,1
Hyundai,Creta,2020,5732,69064,1
Mahindra,Scorpio,2019,8938,39970,1
Kia,Seltos,2016,7543,13804,1
Maruti,Swift,2021,5855,24731,1
Toyota,Hilux,2022,7641,56034,0
Tata,Yodha,2017,6464,93056,0
Maruti,Etriga,2018,6444,22859,0
Toyota,Hilux,2019,8568,68132,1
Maruti,Swift,2023,7213,28693,0
Toyota,Fortuner,2016,8979,67910,1
Maruti,Swift,2021,8405,97910,0
Maruti,Swift,2019,6219,36050,1
Maruti,Etriga,2023,7235,88456,1
Kia,Seltos,2022,6151,45710,1
Mahindra,Thar,2015,7891,63390,1
Renault,Kags,2017,6955,27032,0
Prazo,Plato,2015,9217,34908,1
Toyota,Fortuner,2021,7893,66295,1
Maruti,Swift,2020,5147,22064,0
Kia,Seltos,2022,4356,45598,0
Mahindra,Scorpio,2022,8237,14310,1
Renault,Kags,2024,4738,68616,1
Maruti,Etriga,2017,7486,21160,0
Hyundai,i20,2019,7308,40768,1
Maruti,Etriga,2024,7237,47522,0
Hyundai,Creta,2024,3703,39991,1
Hyundai,Creta,2023,4245,4797,0
Hyundai,i20,2017,5526,82509,0
Mahindra,Thar,2022,7563,5179,1
Renault,Kags,2016,6777,74794,1
Maruti,Dzire,2023,5086,98679,1
Maruti,Dzire,2018,6529,79995,1
Maruti,Swift,2024,4507,54360,1
Maruti,Etriga,2020,5933,17335,1
Prazo,Plato,2023,7560,54171,0
Toyota,Hilux,2023,6420,86924,0
Prazo,Plato,2018,10219,46226,1
Hyundai,i20,2019,7289,99041,1
Mahindra,Scorpio,2024,8341,27136,1
Toyota,Hilux,2018,9452,85218,0
Maruti,Dzire,2024,5925,3216,0
Mahindra,Thar,2024,7916,35946,1
Prazo,Plato,2024,7291,16409,0
Hyundai,i20,2018,6578,47664,0
Maruti,Etriga,2022,4029,22033,1
Maruti,Dzire,2020,6642,50213,0
Kia,Seltos,2016,4938,58988,0
Toyota,Hilux,2023,8226,44426,0
Toyota,Fortuner,2023,6753,33766,1
Tata,Yodha,2024,7266,7658,0
Toyota,Fortuner,2017,6557,7300,1
Prazo,Plato,2024,8145,45874,1
Tata,Yodha,2019,8085,25412,1
Prazo,Plato,2020,8151,40066,0
Mahindra,Scorpio,2022,9087,83061,1
Kia,Seltos,2021,4703,29957,0
Prazo,Plato,2024,8648,93964,0
Mahindra,Scorpio,2018,5427,37703,1
Mahindra,Scorpio,2018,6454,8056,0
Renault,Kags,2021,6030,12562,1
Renault,Kags,2022,8559,30970,0
Prazo,Plato,2022,9196,85675,0
Prazo,Plato,2021,8540,4026,0
Tata,Yodha,2023,7079,91494,1
Toyota,Fortuner,2023,6555,86002,0
Mahindra,Scorpio,2018,7036,77307,0
Kia,Seltos,2020,5532,26241,1
Maruti,Swift,2023,6299,50480,1
Hyundai,i20,2016,7506,17903,1
Maruti,Etriga,2024,5608,41191,0
Mahindra,Scorpio,2024,6676,74840,1
Maruti,Swift,2017,6136,50593,1
Renault,Kags,2023,8625,65888,0
Toyota,Fortuner,2017,9396,9684,1
Maruti,Etriga,2020,6903,1161,0
Toyota,Hilux,2018,8104,28401,1
Maruti,Swift,2019,4676,70038,1
Tata,Yodha,2017,7453,52401,1
Maruti,Dzire,2020,6472,55777,0
Toyota,Fortuner,2018,7779,95499,1
Hyundai,i20,2016,6051,52928,0
Hyundai,i20,2023,6255,43139,1
Mahindra,Scorpio,2016,7430,50122,0
Maruti,Swift,2015,9637,45933,0
Maruti,Etriga,2021,6252,9968,1
Toyota,Fortuner,2016,7252,48440,0
Hyundai,i20,2018,5307,89326,1
Prazo,Plato,2018,8766,71822,0
Toyota,Hilux,2019,8176,7199,1
Mahindra,Scorpio,2022,6328,53991,1
Maruti,Etriga,2024,6987,78371,0
Mahindra,Thar,2024,6972,63658,1
Hyundai,i20,2019,6202,78729,0
Toyota,Hilux,2017,7530,96231,1
Toyota,Fortuner,2022,7856,68213,1
Toyota,Hilux,2023,6390,9256,1
Maruti,Swift,2023,3878,16062,1
Renault,Kags,2019,7942,14402,1
Mahindra,Thar,2018,8830,9176,1
Tata,Yodha,2017,4961,38372,0
Toyota,Fortuner,2019,9324,20551,1
Maruti,Swift,2021,5067,29248,1
Mahindra,Scorpio,2016,6437,28695,1
Renault,Kags,2019,6260,94689,1
Prazo,Plato,2018,9168,44814,0
Tata,Yodha,2020,6770,35979,0
Toyota,Hilux,2017,5263,6452,1
Hyundai,Creta,2021,6547,9617,0
Prazo,Plato,2021,7851,59867,0
Hyundai,i20,2019,7615,48680,0
Prazo,Plato,2015,11657,70934,1
Renault,Kags,2017,8862,62892,0
Hyundai,i20,2024,4773,65746,0
Hyundai,i20,2017,7329,21042,1
Renault,Kags,2024,4960,28412,1
Maruti,Dzire,2021,5667,48955,1
Maruti,Dzire,2023,7269,99640,0
Prazo,Plato,2019,7643,8801,1
Maruti,Swift,2017,6138,35463,1
Maruti,Dzire,2020,8134,1933,1
Mahindra,Thar,2020,7344,11754,0
Mahindra,Thar,2024,5819,72220,1
Renault,Kags,2024,6228,11959,1
Maruti,Etriga,2021,4438,29559,1
Mahindra,Scorpio,2023,7429,72237,1
Toyota,Fortuner,2020,7650,90198,1
Hyundai,i20,2021,7176,99789,0
Mahindra,Thar,2017,7869,65198,0
Mahindra,Scorpio,2016,9797,48715,0
Toyota,Hilux,2023,6466,2087,0
Tata,Yodha,2024,7379,42713,0
Maruti,Dzire,2019,8206,56183,0
Maruti,Etriga,2020,6084,71962,1
Renault,Kags,2022,7084,47060,1
Hyundai,i20,2021,4617,88703,0
Maruti,Dzire,2022,6123,99353,0
Mahindra,Scorpio,2018,8812,32306,1
Mahindra,Scorpio,2019,6224,40737,0
Tata,Yodha,2019,6621,76106,1
Toyota,Hilux,2017,6779,44617,1
Maruti,Etriga,2021,4887,85982,0
Toyota,Hilux,2020,6774,97595,0
Maruti,Swift,2016,5467,40975,1
Tata,Yodha,2021,5044,32999,1
Hyundai,Creta,2024,5165,1264,1
Hyundai,Creta,2021,5808,34660,0
Hyundai,Creta,2017,6210,17864,0
Renault,Kags,2019,7534,55497,0
Tata,Yodha,2021,4761,86708,0
Mahindra,Scorpio,2022,7741,55102,0
Kia,Seltos,2018,5650,28280,1
Renault,Kags,2022,8200,50437,1
Kia,Seltos,2024,5974,72402,1
Mahindra,Thar,2017,6739,30219,0
Kia,Seltos,2024,3830,1630,0
Prazo,Plato,2021,7223,19028,0
Hyundai,i20,2018,6241,2646,0
Hyundai,i20,2015,7065,33357,0
Kia,Seltos,2024,4450,74285,1
Toyota,Hilux,2021,7035,44025,0
Kia,Seltos,2015,4978,44976,1
Toyota,Hilux,2017,5334,64458,0
Toyota,Fortuner,2018,7947,67268,1
Hyundai,Creta,2017,5459,46510,1
Tata,Yodha,2017,7677,51408,1
Toyota,Hilux,2024,6053,58526,0
Maruti,Dzire,2023,6644,41373,1
Hyundai,Creta,2021,4864,96017,1
Tata,Yodha,2021,7827,83222,1
Toyota,Fortuner,2019,7595,24657,0
Prazo,Plato,2022,6993,54410,1
Renault,Kags,2020,7013,68864,1
Kia,Seltos,2017,4592,1527,1
Maruti,Swift,2015,6696,48632,1
Mahindra,Thar,2021,6794,42576,0
Hyundai,Creta,2016,5673,59642,1
Hyundai,i20,2021,5806,98588,1
Renault,Kags,2023,7387,4908,0
Maruti,Etriga,2016,7718,85290,1
Mahindra,Thar,2022,7183,34991,1
Tata,Yodha,2024,6214,77667,1
Maruti,Etriga,2016,4432,39512,1
Prazo,Plato,2016,10214,13645,0
Tata,Yodha,2024,7813,39687,1
Maruti,Swift,2020,5994,3014,0
Hyundai,i20,2023,5754,52982,0
Maruti,Dzire,2023,5955,4151,0
Toyota,Hilux,2018,6256,2366,1
Hyundai,i20,2015,5022,3965,1
Hyundai,i20,2016,5700,93183,0
Renault,Kags,2015,6309,6872,1
Maruti,Etriga,2016,5009,56602,1
Prazo,Plato,2022,7722,54221,1
Prazo,Plato,2016,9111,34875,0
Maruti,Swift,2020,5010,61739,0
Hyundai,i20,2015,6163,7645,0
Renault,Kags,2021,5286,47449,1
Toyota,Fortuner,2024,7003,98163,1
Maruti,Dzire,2018,6517,62678,0
Toyota,Fortuner,2017,7987,35237,0
Maruti,Etriga,2020,6353,18757,0
Toyota,Fortuner,2020,7381,6665,0
Kia,Seltos,2023,6470,15199,1
Maruti,Etriga,2024,5948,90135,0
Hyundai,i20,2020,6773,68620,1
Mahindra,Thar,2021,7422,58856,1
Maruti,Dzire,2024,8074,51587,0
Renault,Kags,2024,7627,99358,0
Renault,Kags,2018,7501,29654,1
Maruti,Etriga,2018,6432,31067,1
Kia,Seltos,2024,5070,86320,1
Mahindra,Scorpio,2018,7125,58873,1
Mahindra,Scorpio,2015,6497,93554,0
Kia,Seltos,2022,7092,61298,1
Maruti,Swift,2015,7012,34828,0
Maruti,Etriga,2024,5761,43456,1
Tata,Yodha,2021,8902,72798,0
Maruti,Swift,2015,6405,65551,1
Maruti,Dzire,2022,5212,64122,1
Maruti,Etriga,2016,7284,14656,1
Prazo,Plato,2017,7498,3694,0
Hyundai,i20,2020,5707,4694,0
Mahindra,Thar,2019,7662,6995,1
Hyundai,Creta,2015,6404,34279,0
Maruti,Dzire,2024,6910,59384,0
Mahindra,Scorpio,2019,6043,36180,1
Mahindra,Scorpio,2019,5844,46596,0
Tata,Yodha,2019,6158,44434,0
Mahindra,Scorpio,2016,7399,9148,0
Prazo,Plato,2017,8156,55659,1
Hyundai,i20,2022,6575,37140,1
Mahindra,Thar,2021,8076,39219,0
Tata,Yodha,2021,7533,55588,0
Toyota,Fortuner,2017,7469,25834,1
Tata,Yodha,2019,7515,47493,0
Mahindra,Thar,2021,7753,47315,1
Toyota,Hilux,2021,5970,87864,1
Maruti,Etriga,2019,6302,23277,1
Hyundai,i20,2016,4760,38156,0
Tata,Yodha,2020,6993,46211,0
Hyundai,i20,2021,3951,27915,0
Hyundai,i20,2020,5706,65679,0
Toyota,Fortuner,2019,8641,43975,1
Tata,Yodha,2021,7062,55421,0
Maruti,Swift,2022,6012,69299,1
Tata,Yodha,2024,7540,77363,0
Toyota,Hilux,2021,4701,22496,0
Kia,Seltos,2015,6417,71855,1
Maruti,Etriga,2017,6645,92648,0
Hyundai,i20,2020,4995,15674,1
Maruti,Swift,2023,6196,41927,1
Renault,Kags,2023,8266,63928,1
Mahindra,Thar,2019,5359,43021,0
Maruti,Etriga,2024,5356,48076,0
Kia,Seltos,2020,5201,4239,1
Maruti,Dzire,2018,8209,70124,1
Mahindra,Thar,2015,7322,95331,1
Hyundai,i20,2018,4518,27221,1
Hyundai,Creta,2021,5690,63224,1
Hyundai,Creta,2019,5524,52993,1
Hyundai,i20,2018,6635,70602,1
Toyota,Hilux,2024,5159,10526,1
Renault,Kags,2021,5774,17444,0
Maruti,Dzire,2020,6333,1011,1
Maruti,Etriga,2022,7334,47204,1
Tata,Yodha,2022,5603,87107,1
Renault,Kags,2015,7261,15773,0
Hyundai,Creta,2015,6317,17260,0
Hyundai,Creta,2017,6299,52561,0
Mahindra,Scorpio,2017,8729,7757,1
Maruti,Etriga,2016,7357,67592,1
Maruti,Swift,2015,9378,72675,1
Maruti,Swift,2022,7162,17822,1
Kia,Seltos,2021,6977,64558,0
Hyundai,i20,2022,6903,35826,1
Mahindra,Thar,2024,6861,11404,1
Hyundai,i20,2021,6917,57572,1
Maruti,Etriga,2017,4627,45622,0
Toyota,Fortuner,2015,9380,79973,1
Prazo,Plato,2024,8083,52986,0
Maruti,Etriga,2015,6160,52771,1
Renault,Kags,2020,7028,90336,0
Mahindra,Scorpio,2019,8027,57877,0
Maruti,Swift,2017,7157,2804,0
Kia,Seltos,2016,6173,75958,0
Prazo,Plato,2020,7506,48718,1
Maruti,Swift,2015,6152,60900,1
Maruti,Etriga,2023,6493,3311,0
Tata,Yodha,2018,5924,41471,0
Maruti,Dzire,2019,6167,24306,1
Toyota,Hilux,2024,6259,50655,1
Hyundai,Creta,2021,5673,77398,1
Hyundai,i20,2021,6280,43042,0
Hyundai,i20,2017,8205,14115,1
Mahindra,Thar,2015,7281,45622,0
Mahindra,Scorpio,2016,8170,50102,1
Mahindra,Scorpio,2022,9608,45832,1
Mahindra,Scorpio,2024,6659,38231,1
Hyundai,Creta,2018,5259,86218,0
Renault,Kags,2016,8677,22038,0
Maruti,Etriga,2016,5264,23588,0
Hyundai,Creta,2017,4569,68430,0
Renault,Kags,2023,7021,22028,0
Maruti,Etriga,2020,5434,24625,1
Toyota,Hilux,2015,6318,86570,1
Hyundai,Creta,2021,6071,74866,1
Hyundai,Creta,2022,7198,45923,0
Hyundai,Creta,2015,6437,55687,1
Kia,Seltos,2017,6802,35168,1
Mahindra,Thar,2021,7843,65898,0
Mahindra,Scorpio,2024,8253,21618,1
Tata,Yodha,2016,7513,42569,0
Maruti,Dzire,2023,5881,51172,0
Maruti,Etriga,2017,6184,51216,0
Prazo,Plato,2021,7731,57763,1
Renault,Kags,2020,8129,43290,0
Mahindra,Scorpio,2019,8898,37843,1
Tata,Yodha,2019,9335,34832,0
Kia,Seltos,2024,5243,23929,0
Hyundai,Creta,2024,5071,89107,0
Renault,Kags,2023,6447,44762,1
Toyota,Hilux,2020,6498,84670,1
Tata,Yodha,2022,8486,44987,1
Prazo,Plato,2016,8452,66282,0
Mahindra,Thar,2015,7492,25467,1
Maruti,Dzire,2017,7412,76513,0
Hyundai,i20,2018,7254,75886,1
Mahindra,Scorpio,2015,7380,42087,0
Toyota,Hilux,2023,4310,93365,0
Maruti,Dzire,2023,6014,35071,1
Prazo,Plato,2024,7741,77343,0
Maruti,Etriga,2020,5460,18962,0
Maruti,Dzire,2020,5807,88625,1
Maruti,Swift,2018,6180,6468,0
Toyota,Fortuner,2023,6425,27661,0
Mahindra,Thar,2022,6912,19776,1
Mahindra,Thar,2020,7374,50767,1
Tata,Yodha,2016,7404,1531,0
Mahindra,Thar,2021,6131,28881,0
Prazo,Plato,2016,8762,97585,0
Maruti,Etriga,2017,5787,63729,0
Maruti,Dzire,2024,4394,40412,0
Maruti,Etriga,2024,5001,42889,0
Toyota,Hilux,2019,6204,74465,1
Hyundai,Creta,2018,6666,99546,0
Maruti,Dzire,2023,5269,89625,0
Hyundai,Creta,2016,5082,36660,1
Maruti,Dzire,2021,7465,78063,1
Hyundai,Creta,2016,6715,26839,0
Tata,Yodha,2022,4893,30217,0
Tata,Yodha,2022,9214,48667,1
Maruti,Swift,2022,6122,10949,1
Renault,Kags,2017,6214,30328,1
Mahindra,Thar,2017,9079,41916,1
Toyota,Fortuner,2019,9738,52793,1
Maruti,Dzire,2024,7229,26497,1
Hyundai,i20,2022,6499,26750,1
Hyundai,Creta,2024,6211,18250,0
Hyundai,Creta,2020,7402,88223,1
Mahindra,Scorpio,2019,8340,33039,1
Toyota,Fortuner,2020,5936,31952,1
Toyota,Fortuner,2023,6967,68826,1
Toyota,Hilux,2019,5898,59913,0
Prazo,Plato,2023,9980,74805,0
Mahindra,Scorpio,2017,5481,34741,0
Toyota,Fortuner,2020,6476,44022,0
Toyota,Hilux,2018,6922,65997,1
Hyundai,Creta,2023,5167,81178,0
Toyota,Hilux,2020,4949,28602,0
Mahindra,Scorpio,2024,4584,63314,0
Hyundai,i20,2017,7433,2489,1
Maruti,Etriga,2022,6224,65263,0
Tata,Yodha,2023,4938,50802,0
Maruti,Swift,2021,4884,19845,1
Renault,Kags,2016,7887,20666,0
Prazo,Plato,2021,8314,90894,1
Maruti,Swift,2022,4101,66551,0
Hyundai,Creta,2019,4045,71895,0
Renault,Kags,2024,6351,55221,1
Maruti,Dzire,2016,8408,70967,1
Maruti,Swift,2017,7142,26205,1
Mahindra,Thar,2022,6994,54207,0
Mahindra,Thar,2017,5057,7883,1
Hyundai,Creta,2023,7176,90849,1
Prazo,Plato,2024,7471,52089,0
Toyota,Fortuner,2020,6429,12964,1
Hyundai,i20,2015,5022,30544,1
Toyota,Hilux,2019,8301,5553,1
Hyundai,i20,2022,5070,8733,0
Hyundai,Creta,2024,4289,14766,1
Maruti,Etriga,2017,6394,9406,1
Renault,Kags,2019,9317,64441,0
Kia,Seltos,2023,6879,5846,0
Maruti,Etriga,2016,7689,18449,0
Mahindra,Scorpio,2020,6229,3520,1
Hyundai,i20,2021,7243,67569,1
Toyota,Fortuner,2015,9530,38192,0
Maruti,Etriga,2017,6126,33156,0
Maruti,Swift,2023,5362,40043,0
Hyundai,i20,2018,5438,42924,0
Toyota,Hilux,2024,5902,2446,0
Kia,Seltos,2021,6863,16391,0
Renault,Kags,2023,6299,2091,0
Hyundai,i20,2022,6202,45736,1
Hyundai,Creta,2022,6338,36524,1
Hyundai,Creta,2015,7294,49900,1
Toyota,Fortuner,2017,5886,45343,1
Mahindra,Thar,2019,6437,63555,1
Toyota,Fortuner,2021,7548,93330,0
Kia,Seltos,2018,6391,37343,1
Toyota,Fortuner,2017,7889,62654,1
Renault,Kags,2018,6484,48308,1
Kia,Seltos,2021,6178,79869,1
Mahindra,Scorpio,2024,8713,2485,0
Mahindra,Thar,2017,7333,54244,0
Maruti,Etriga,2019,8015,94407,0
Kia,Seltos,2021,6378,9404,0
Hyundai,i20,2019,3985,62128,0
Toyota,Fortuner,2020,6235,31972,1
Renault,Kags,2017,10367,5150,1
Hyundai,i20,2015,6349,33308,0
Maruti,Etriga,2016,6890,5950,0
Mahindra,Thar,2017,7916,12462,0
Mahindra,Thar,2020,6561,55730,1
Kia,Seltos,2019,4818,10243,0
Mahindra,Scorpio,2024,7880,38164,0
Prazo,Plato,2022,8677,73149,1
Hyundai,i20,2015,7398,45139,0
Renault,Kags,2017,9273,82084,1
Toyota,Hilux,2017,8145,96518,1
Toyota,Fortuner,2022,7830,4889,1
Tata,Yodha,2024,5823,65093,1
Maruti,Swift,2024,7397,34079,1
Maruti,Etriga,2015,6743,52388,0
Hyundai,Creta,2023,5879,48262,0
Toyota,Hilux,2017,5202,45989,1
Prazo,Plato,2018,9682,76397,1
Toyota,Fortuner,2022,7717,70027,1
Tata,Yodha,2018,5710,28229,1
Mahindra,Thar,2015,6096,56478,0
Toyota,Fortuner,2023,6346,42695,0
Mahindra,Scorpio,2019,8039,25399,0
Hyundai,i20,2023,5367,39396,0
Toyota,Fortuner,2018,6452,61042,0
Toyota,Hilux,2022,7120,33208,0
Hyundai,Creta,2024,3948,64089,1
Mahindra,Scorpio,2017,6919,55789,1
Kia,Seltos,2018,4301,11035,0
Kia,Seltos,2020,5798,38927,0
Toyota,Fortuner,2020,6007,6951,0
Maruti,Etriga,2017,5485,15584,1
Maruti,Dzire,2019,6376,61139,1
Mahindra,Thar,2020,7493,56648,1
Renault,Kags,2024,7666,20367,1
Toyota,Fortuner,2020,8123,36180,1
Maruti,Etriga,2020,6109,66833,1
Toyota,Hilux,2022,8778,16261,1
Tata,Yodha,2017,7412,57849,1
Toyota,Fortuner,2017,8178,29106,0
Prazo,Plato,2018,6944,87745,0
Toyota,Hilux,2019,7640,2098,0
Hyundai,i20,2019,3978,95531,0
Maruti,Dzire,2021,6648,19378,1
Maruti,Etriga,2021,4934,47201,0
Kia,Seltos,2023,5652,27973,1
Renault,Kags,2023,7140,96806,1
Kia,Seltos,2022,5747,63990,1
Maruti,Swift,2022,4533,48315,1
Prazo,Plato,2024,7815,4183,0
Renault,Kags,2015,8146,92881,0
Toyota,Fortuner,2021,6017,2024,0
Hyundai,i20,2017,6187,33001,0
Renault,Kags,2024,8018,11365,0
Tata,Yodha,2024,5252,77278,1
Toyota,Fortuner,2015,10479,96166,0
Prazo,Plato,2023,9977,18935,0
Tata,Yodha,2024,5764,90895,0
Tata,Yodha,2016,7724,95001,0
Renault,Kags,2021,5617,64006,1
Toyota,Fortuner,2017,8680,67930,1
Maruti,Etriga,2023,5721,37477,1
Hyundai,Creta,2019,5861,35933,1
Tata,Yodha,2018,6777,68581,0
Renault,Kags,2016,9342,59412,0
Prazo,Plato,2024,6936,53063,1
Toyota,Fortuner,2024,9241,13530,0
Maruti,Dzire,2023,6004,28740,1
Renault,Kags,2020,7195,27422,0
Mahindra,Scorpio,2022,8498,52641,1
Hyundai,Creta,2020,6386,42587,1
Maruti,Dzire,2018,4312,35831,0
Toyota,Fortuner,2018,6648,44909,0
Mahindra,Thar,2024,7155,6252,1
Mahindra,Scorpio,2021,7350,58765,0
Prazo,Plato,2022,8275,22798,0
Mahindra,Thar,2018,8684,13759,0
Prazo,Plato,2016,8540,58603,0
Toyota,Fortuner,2019,8601,10387,1
Toyota,Hilux,2020,8467,78291,0
Kia,Seltos,2020,7401,36755,0
Maruti,Swift,2021,7015,33260,0
Renault,Kags,2022,5623,62662,0
Mahindra,Thar,2021,6831,46776,1
Kia,Seltos,2023,5091,10084,1
Hyundai,Creta,2018,7666,44391,0
Toyota,Fortuner,2018,8275,58602,0
Toyota,Fortuner,2021,9421,27702,1
Toyota,Hilux,2016,7424,21991,1
Toyota,Hilux,2020,6867,3181,0
Toyota,Fortuner,2015,6551,96081,1
Toyota,Hilux,2020,8317,2572,1
Hyundai,Creta,2023,7231,57159,1
Maruti,Swift,2015,6861,14141,1
Toyota,Hilux,2023,5746,28958,1
Hyundai,Creta,2024,5933,52787,1
Kia,Seltos,2021,5173,85771,0
Hyundai,i20,2016,6693,90050,0
Maruti,Etriga,2021,5425,39371,0
Renault,Kags,2024,5618,28808,1
Hyundai,Creta,2024,5784,19853,1
Maruti,Etriga,2020,5603,74849,1
Kia,Seltos,2018,5936,49291,0
Hyundai,i20,2021,6214,12642,1
Maruti,Etriga,2017,6296,2288,0
Maruti,Swift,2023,6838,55365,0
Maruti,Dzire,2021,6474,11207,0
Maruti,Swift,2024,4626,46574,0
Toyota,Fortuner,2022,8053,4176,0
Prazo,Plato,2023,7295,22698,1
Renault,Kags,2015,5678,55533,1
Maruti,Dzire,2024,5310,56492,0
Hyundai,Creta,2015,4921,17197,0
Toyota,Fortuner,2020,7170,8232,0
Hyundai,i20,2015,4805,70713,0
Hyundai,i20,2021,5776,74354,0
Renault,Kags,2022,7377,72950,0
Maruti,Dzire,2018,7394,70787,0
Hyundai,i20,2023,6872,18281,0
Maruti,Swift,2024,5716,90141,0
Prazo,Plato,2022,8802,97032,0
Hyundai,Creta,2022,5921,86264,1
Mahindra,Scorpio,2024,8600,67604,1
Hyundai,i20,2018,6821,24618,1
Renault,Kags,2015,6606,4776,0
Prazo,Plato,2023,7309,1372,1
Tata,Yodha,2024,5479,21741,0
Hyundai,i20,2024,6503,34340,0
Hyundai,i20,2019,7169,99299,0
Tata,Yodha,2015,9163,51204,1
Maruti,Swift,2023,7441,40843,1
Hyundai,Creta,2021,8155,86473,1
Maruti,Swift,2019,5015,17574,0
Maruti,Dzire,2016,6576,2643,0
Maruti,Dzire,2024,5287,12651,1
Renault,Kags,2018,7593,38919,0
Maruti,Swift,2020,7166,47736,0
Maruti,Dzire,2019,7994,93769,1
Hyundai,i20,2017,6104,26219,1
Tata,Yodha,2024,7462,3473,1
Maruti,Etriga,2019,7768,21414,0
Hyundai,i20,2024,5827,11250,1
Prazo,Plato,2020,9950,66347,1
Maruti,Dzire,2021,5609,22912,1
Renault,Kags,2019,7368,80480,1
Maruti,Dzire,2018,7524,62273,1
Maruti,Etriga,2024,6228,19357,0
Hyundai,Creta,2016,4478,70030,0
Hyundai,Creta,2022,6514,95974,1
Mahindra,Scorpio,2018,5576,99629,0
Mahindra,Thar,2022,6997,85361,0
Renault,Kags,2019,6666,70999,1
Maruti,Etriga,2016,4915,88354,0
Prazo,Plato,2017,8433,6551,1
Mahindra,Thar,2015,9212,69746,0
Toyota,Hilux,2019,6934,8308,0
Tata,Yodha,2020,5034,5747,0
Maruti,Swift,2015,5188,18780,0
Toyota,Hilux,2022,7004,69035,0
Mahindra,Thar,2023,7397,43470,0
Prazo,Plato,2017,9449,56339,1
Kia,Seltos,2023,5289,33185,0
Renault,Kags,2021,9731,20838,1
Toyota,Hilux,2024,4532,19637,0
Prazo,Plato,2019,9071,62334,1
Maruti,Etriga,2021,6897,47704,1
Mahindra,Thar,2024,7335,11289,0
Toyota,Fortuner,2016,8507,6700,1
Prazo,Plato,2020,7041,27860,1
Maruti,Dzire,2016,8536,41837,0
Mahindra,Thar,2021,8159,45910,1
Toyota,Hilux,2018,7141,60191,0
Mahindra,Scorpio,2020,6079,23343,1
Prazo,Plato,2022,7933,26445,0
Mahindra,Scorpio,2021,7899,71441,0
Mahindra,Scorpio,2019,8000,11754,1
Toyota,Hilux,2020,8129,45453,1
Kia,Seltos,2022,5607,14417,1
Toyota,Hilux,2024,4726,38426,1
Hyundai,Creta,2016,7703,24397,1
Maruti,Dzire,2024,6282,72938,1
Tata,Yodha,2024,8220,38946,1
Hyundai,i20,2021,6213,52017,0
Mahindra,Thar,2024,6527,23343,0
Maruti,Swift,2019,6583,68986,0
Prazo,Plato,2024,7859,90997,0
Tata,Yodha,2019,7352,8355,1
Toyota,Hilux,2017,5907,62517,0
Toyota,Fortuner,2015,8588,63733,1
Kia,Seltos,2021,6101,17654,1
Prazo,Plato,2015,9595,74332,1
Maruti,Etriga,2022,6727,77048,0
Kia,Seltos,2019,7311,78255,0
Hyundai,Creta,2023,4171,8841,1
Maruti,Swift,2024,3561,87092,1
Toyota,Fortuner,2022,7453,53121,1
Kia,Seltos,2015,6171,50360,1
Prazo,Plato,2016,8723,57745,1
Tata,Yodha,2023,5992,20984,0
Mahindra,Scorpio,2022,7572,40885,0
Toyota,Fortuner,2023,6059,43363,0
Mahindra,Thar,2018,8458,19020,1
Toyota,Hilux,2018,8199,99064,0
Tata,Yodha,2016,7690,4334,1
Mahindra,Scorpio,2016,7650,88936,1
Hyundai,i20,2020,6012,74291,1
Maruti,Etriga,2020,5488,69512,1
Hyundai,i20,2016,7641,98890,0
Kia,Seltos,2024,6073,35793,0
Renault,Kags,2018,6112,39937,0
Mahindra,Thar,2017,8070,21365,1
Hyundai,Creta,2022,4429,30138,0
Mahindra,Thar,2021,8309,40607,1
Toyota,Hilux,2018,7449,23436,0
Renault,Kags,2015,8460,15182,0
Maruti,Dzire,2020,4284,36106,0
Renault,Kags,2021,6961,22121,1
Hyundai,i20,2018,6516,65940,1
Renault,Kags,2018,8033,59078,0
Renault,Kags,2022,5511,30504,1
Maruti,Etriga,2018,6381,46073,1
Tata,Yodha,2024,7352,51004,0
Prazo,Plato,2015,7573,56294,0
Toyota,Hilux,2018,9381,60537,0
Hyundai,Creta,2021,6458,66716,0
Tata,Yodha,2021,7328,4542,0
Renault,Kags,2023,6401,62273,1
Toyota,Hilux,2023,6125,11755,0
Renault,Kags,2022,8076,18843,1
Hyundai,Creta,2021,4843,54134,0
Maruti,Dzire,2021,6650,5064,1
Renault,Kags,2021,6285,63800,0
Toyota,Fortuner,2017,7461,58027,1
Maruti,Etriga,2018,7425,70359,0
Maruti,Swift,2017,9040,27904,1
Kia,Seltos,2017,4730,69919,0
Hyundai,Creta,2016,7426,55433,1
Maruti,Dzire,2021,4918,13600,1
Hyundai,i20,2019,6035,8904,0
Mahindra,Thar,2021,7674,13283,0
Kia,Seltos,2020,6480,89235,0
Prazo,Plato,2020,9430,83556,1
Hyundai,i20,2021,4779,56417,0
Hyundai,Creta,2018,3718,25858,1
Kia,Seltos,2017,5704,99237,0
Maruti,Dzire,2015,7546,27060,0
Toyota,Hilux,2015,7061,69533,1
Maruti,Etriga,2022,4443,15633,0
Hyundai,i20,2021,6481,73930,1
Hyundai,i20,2022,6005,37088,1
Hyundai,Creta,2020,5532,15583,1
Maruti,Swift,2015,6065,64550,0
Toyota,Fortuner,2015,9536,56223,0
Kia,Seltos,2019,4882,37346,0
Kia,Seltos,2015,7534,74575,1
Mahindra,Thar,2017,7480,19071,1
Toyota,Fortuner,2018,7955,30038,0
Toyota,Hilux,2023,5364,5718,0
Maruti,Dzire,2019,6728,5726,1
Maruti,Dzire,2020,5443,27231,0
Hyundai,Creta,2018,7624,1539,0
Toyota,Hilux,2018,8100,15634,0
Hyundai,Creta,2016,4598,23435,1
Toyota,Hilux,2020,7239,74040,1
Maruti,Etriga,2020,5709,59127,1
Toyota,Hilux,2018,9024,43522,1
Kia,Seltos,2023,5600,16844,1
Tata,Yodha,2023,5956,45219,1
Toyota,Fortuner,2017,6432,31514,0
Hyundai,Creta,2019,5738,50888,1
Mahindra,Thar,2016,8483,5288,1
Maruti,Etriga,2015,7063,68137,0
Maruti,Etriga,2016,6222,80313,1
Maruti,Dzire,2023,7949,16890,1
Toyota,Fortuner,2022,8480,52203,0
Mahindra,Scorpio,2022,6881,33675,0
Toyota,Hilux,2020,6267,73835,1
Toyota,Fortuner,2019,7399,78409,1
Renault,Kags,2019,8357,52469,1
Hyundai,Creta,2022,6041,25151,1
Tata,Yodha,2021,5894,61581,1
Toyota,Fortuner,2019,8208,4460,0
Hyundai,i20,2022,7809,46602,0
Mahindra,Thar,2020,6600,53714,1
Maruti,Dzire,2022,5229,94042,1
Maruti,Dzire,2017,5521,2801,1
Tata,Yodha,2015,7440,3499,1
Hyundai,Creta,2022,6902,82346,1
Hyundai,Creta,2019,7246,21864,1
Tata,Yodha,2019,5350,58157,1
Maruti,Swift,2021,4192,90318,0
Hyundai,Creta,2022,5094,64060,0
Maruti,Etriga,2022,5036,41350,1
Maruti,Dzire,2016,5386,46601,0
Mahindra,Thar,2023,6859,24821,0
Mahindra,Thar,2018,7958,33888,0
Maruti,Swift,2016,5221,57643,1
Kia,Seltos,2017,7921,19998,1
Mahindra,Scorpio,2019,6069,56521,1
Maruti,Etriga,2023,7450,50248,0
Toyota,Fortuner,2024,6741,56303,1
Kia,Seltos,2017,4919,78370,1
Maruti,Swift,2020,4972,66336,0
Renault,Kags,2021,7777,34402,0
Toyota,Fortuner,2021,6016,3081,1
Mahindra,Scorpio,2020,9113,94055,1
Renault,Kags,2018,8162,13985,1
Maruti,Dzire,2021,6428,23273,0
Maruti,Swift,2017,7109,73086,0
Hyundai,Creta,2023,5115,19079,1
Maruti,Dzire,2020,6520,31526,1
Tata,Yodha,2022,6728,99683,1
Mahindra,Scorpio,2022,6505,59699,1
Toyota,Hilux,2021,6727,4106,1
Hyundai,i20,2017,6457,46133,1
Toyota,Fortuner,2015,7764,38621,0
Maruti,Dzire,2015,6010,21310,1
Renault,Kags,2019,7591,10474,0
Tata,Yodha,2023,5853,99416,1
Mahindra,Scorpio,2018,9212,74865,0
Renault,Kags,2015,9284,55220,0
Maruti,Dzire,2020,5234,71992,0
Maruti,Swift,2018,5815,2526,0
Tata,Yodha,2023,4645,22203,0
Toyota,Fortuner,2018,9621,18233,0
Renault,Kags,2018,7386,59922,0
Mahindra,Thar,2021,5742,37548,0
Maruti,Dzire,2023,5562,60511,1
Tata,Yodha,2018,5992,58861,0
Maruti,Dzire,2022,7124,39469,0
Mahindra,Scorpio,2024,9428,9487,1
Tata,Yodha,2018,7288,16091,1
Mahindra,Thar,2022,6464,8254,0
Maruti,Dzire,2021,7408,4923,0
Renault,Kags,2020,7197,20967,0
Kia,Seltos,2021,6732,48147,1
Mahindra,Thar,2021,6855,21877,0
Toyota,Fortuner,2021,8193,47099,0
Maruti,Swift,2023,7235,45618,0
Maruti,Swift,2023,4920,51525,1
Hyundai,Creta,2017,5754,9335,0
Toyota,Fortuner,2020,9141,91502,0
Renault,Kags,2019,8865,49890,1
Toyota,Hilux,2024,7337,62896,1
Hyundai,Creta,2021,7174,36954,1
Toyota,Fortuner,2024,7350,47079,1
Kia,Seltos,2024,6240,36918,1
Renault,Kags,2023,7526,80849,0
Mahindra,Scorpio,2023,6988,50592,0
Hyundai,i20,2024,6619,75984,1
Toyota,Hilux,2020,7826,60396,1
Renault,Kags,2015,6361,68050,1
Hyundai,Creta,2016,7238,92143,1
Toyota,Fortuner,2016,7444,74960,0
Tata,Yodha,2015,8793,37312,1
Maruti,Dzire,2021,4741,24107,1
Hyundai,Creta,2019,8308,7536,1
Tata,Yodha,2022,5225,23854,0
Maruti,Etriga,2019,4535,67227,0
Maruti,Swift,2019,5579,20360,0
Mahindra,Thar,2015,5703,17019,0
Kia,Seltos,2016,7838,12069,1
Mahindra,Scorpio,2021,6830,50736,0
Mahindra,Scorpio,2020,8385,65944,1
Renault,Kags,2020,7447,73164,0
Renault,Kags,2015,7919,82104,1
Hyundai,i20,2023,6027,21511,0
Hyundai,Creta,2018,6199,84268,1
Maruti,Swift,2019,7339,31002,0
Maruti,Etriga,2019,5521,15568,0
Toyota,Fortuner,2016,7306,74313,0
Toyota,Hilux,2016,8932,8659,0
Hyundai,Creta,2015,6477,30252,0
Prazo,Plato,2017,11075,57740,1
Tata,Yodha,2023,6255,85482,1
Toyota,Hilux,2019,5842,11705,0
Toyota,Fortuner,2016,8973,87695,1
Hyundai,Creta,2019,5451,47663,0
Mahindra,Scorpio,2018,8582,4075,1
Maruti,Dzire,2018,6616,59659,1
Maruti,Etriga,2024,5202,96934,0
Maruti,Dzire,2017,6686,39195,1
Prazo,Plato,2015,8278,81657,0
Kia,Seltos,2016,7439,22449,0
Hyundai,i20,2024,6610,60482,0
Prazo,Plato,2016,8333,77232,1
Mahindra,Thar,2017,6777,79550,1
Maruti,Dzire,2021,5682,16580,1
Maruti,Etriga,2019,8054,15623,1
Toyota,Hilux,2015,5808,56297,0
Prazo,Plato,2015,9751,44912,0
Tata,Yodha,2019,4680,92903,0
Maruti,Dzire,2017,8428,81711,1
Maruti,Dzire,2018,5839,49711,1
Maruti,Dzire,2021,3663,17205,1
Maruti,Dzire,2018,4944,1609,0
Prazo,Plato,2018,9584,98697,1
Mahindra,Thar,2024,7231,85140,0
Prazo,Plato,2016,9537,14445,0
Mahindra,Thar,2016,9986,12612,0
Tata,Yodha,2015,8424,22731,1
Mahindra,Scorpio,2018,7681,31724,1
Hyundai,Creta,2023,5380,93523,0
Prazo,Plato,2020,9292,28865,0
Mahindra,Scorpio,2015,7942,87705,0
Toyota,Hilux,2017,6154,18693,1
Mahindra,Thar,2023,7542,35578,1
Renault,Kags,2020,8254,43757,1
Mahindra,Thar,2023,7473,14692,1
Maruti,Etriga,2021,6949,37407,0
Renault,Kags,2017,7771,28787,1
Toyota,Hilux,2024,8619,16527,0
Maruti,Dzire,2023,5297,9327,1
Maruti,Etriga,2015,6904,61275,0
Toyota,Fortuner,2016,5595,30787,0
Hyundai,Creta,2019,4602,11099,0
Hyundai,i20,2021,6748,26516,1
Maruti,Swift,2021,4698,35784,0
Maruti,Etriga,2016,5834,6152,1
Hyundai,Creta,2019,5875,3445,0
Tata,Yodha,2015,7506,36381,0
Kia,Seltos,2015,5814,69848,0
Mahindra,Scorpio,2020,7305,45831,1
Kia,Seltos,2015,5626,25195,1
Hyundai,Creta,2017,5506,55550,0
Mahindra,Thar,2024,6292,28248,0
Maruti,Swift,2021,8525,18532,0
Renault,Kags,2017,7713,54863,0
Tata,Yodha,2024,7780,80800,0
Maruti,Dzire,2024,6292,13189,0
Prazo,Plato,2024,9800,14838,1
Kia,Seltos,2024,5117,49931,0
Toyota,Fortuner,2021,9056,41993,0
Mahindra,Thar,2023,8293,57003,0
Prazo,Plato,2024,8510,74247,0
Kia,Seltos,2023,6417,23551,0
Hyundai,i20,2017,5128,18176,0
Mahindra,Thar,2020,4956,48936,1
Tata,Yodha,2018,7465,44624,1
Hyundai,Creta,2015,5843,38868,0
Kia,Seltos,2020,6467,46786,0
Prazo,Plato,2020,9098,58360,0
Toyota,Fortuner,2015,8100,66891,1
Renault,Kags,2021,7511,18130,1
Hyundai,Creta,2019,6538,50160,1
Toyota,Fortuner,2024,7527,71504,0
Kia,Seltos,2021,5727,67775,0
Tata,Yodha,2021,7091,3403,1
Prazo,Plato,2020,8180,22459,0
Renault,Kags,2020,8439,73403,0
Mahindra,Scorpio,2017,8144,40923,1
Prazo,Plato,2023,7243,56103,0
Tata,Yodha,2015,6621,46561,0
Hyundai,Creta,2020,6431,11795,0
Renault,Kags,2017,7190,15274,0
Tata,Yodha,2016,5903,63972,0
Renault,Kags,2018,5343,95860,1
Maruti,Dzire,2018,8526,37800,0
Hyundai,Creta,2017,6681,81757,1
Maruti,Swift,2020,6520,80596,0
Toyota,Fortuner,2022,9317,4001,1
Hyundai,Creta,2017,7374,3613,1
Renault,Kags,2024,5308,12309,1
Toyota,Hilux,2023,7363,71679,1
Maruti,Swift,2016,6255,37448,0
Maruti,Etriga,2016,6110,60579,1
Kia,Seltos,2018,7361,68001,1
Mahindra,Scorpio,2021,6857,96006,1
Tata,Yodha,2024,5041,55333,0
